Year,Date,F-Scale EF(Scale),Injuries,Fatalities,Length (miles),Width (yards)
1950,01/03/1950,3,0,0,3.3,100
1950,01/03/1950,3,3,0,3.6,130
1950,01/25/1950,2,0,0,0.1,100
1950,03/27/1950,2,0,0,3,50
1950,06/13/1950,1,0,0,0.1,10
1950,07/16/1950,1,0,0,1,33
1950,12/02/1950,2,3,1,18.8,50
1950,12/02/1950,3,25,2,18,200
1950,12/02/1950,1,0,0,9.6,50
1951,06/27/1951,3,35,0,9.6,300
1951,06/27/1951,3,15,1,18.2,200
1951,11/13/1951,2,0,0,47.4,50
1951,11/13/1951,2,7,0,7.1,250
1951,12/06/1951,3,1,1,21.9,150
1952,03/18/1952,1,1,0,3,10
1952,03/18/1952,2,0,0,4.9,100
1952,05/24/1952,1,0,0,0.1,10
1952,07/17/1952,1,0,0,0.1,10
1953,03/14/1953,2,0,0,42.3,200
1953,04/09/1953,2,3,0,6.5,30
1953,04/09/1953,3,22,3,156.7,750
1953,04/09/1953,3,10,1,37,750
1953,07/05/1953,0,0,0,0.1,10
1954,03/12/1954,1,3,0,38.6,10
1954,04/07/1954,3,13,1,42.6,400
1954,05/27/1954,2,0,0,7.9,200
1954,05/28/1954,1,0,0,0.1,10
1954,05/31/1954,2,2,0,24.2,400
1954,07/21/1954,2,1,0,26.1,200
1954,10/10/1954,1,0,0,1.5,50
1955,03/04/1955,1,0,0,0.5,50
1955,04/18/1955,2,0,0,9,77
1955,04/23/1955,2,0,0,14.8,10
1955,04/23/1955,1,0,0,8,10
1955,04/28/1955,1,3,0,10.4,10
1955,05/26/1955,2,0,0,1.5,500
1955,05/26/1955,2,1,0,1.5,100
1955,05/26/1955,1,2,0,1.5,100
1955,05/26/1955,1,0,0,18.7,400
1955,08/21/1955,1,0,0,2,500
1955,08/29/1955,0,0,0,0.1,10
1955,08/29/1955,0,0,0,0.1,10
1955,08/29/1955,2,2,0,11.5,100
1955,10/06/1955,1,2,0,15,50
1955,10/06/1955,1,0,0,0.1,10
1955,10/06/1955,1,0,0,10.5,10
1955,10/06/1955,2,0,0,1,10
1955,11/15/1955,1,0,0,0.1,10
1955,11/15/1955,1,0,0,4.5,880
1955,11/15/1955,1,0,0,0.1,10
1955,11/15/1955,1,0,0,0.1,10
1955,11/15/1955,0,0,0,0.2,10
1955,11/16/1955,2,0,0,4.5,150
1955,12/03/1955,1,0,0,12.5,100
1955,12/03/1955,2,0,0,32,10
1956,02/25/1956,4,20,6,42.3,500
1956,02/25/1956,2,2,0,23.4,450
1956,03/06/1956,2,0,0,2.3,200
1956,03/06/1956,3,6,0,9.4,500
1956,04/02/1956,1,0,0,2,10
1956,04/03/1956,2,0,0,3.3,10
1956,04/03/1956,2,0,0,2,50
1956,04/03/1956,2,0,0,9.5,40
1956,04/03/1956,1,0,0,4.5,100
1956,04/26/1956,2,0,0,10.9,10
1956,04/27/1956,1,0,0,14.4,500
1956,04/27/1956,1,0,0,14.4,500
1956,04/27/1956,2,0,0,4.9,900
1956,04/28/1956,1,0,2,4.7,10
1956,04/29/1956,1,0,0,2.3,10
1956,04/29/1956,1,0,0,21.9,10
1956,05/16/1956,1,0,0,3.3,80
1956,05/21/1956,2,0,0,2,70
1956,06/17/1956,1,0,0,2,10
1956,06/19/1956,2,0,0,14,10
1956,08/12/1956,1,0,0,12.5,30
1956,08/13/1956,3,0,0,3.8,27
1956,08/18/1956,1,0,0,37.1,10
1956,08/23/1956,1,3,0,0.1,40
1956,08/23/1956,2,0,0,0.1,40
1956,08/23/1956,2,3,0,0.1,40
1956,08/30/1956,2,0,0,0.1,17
1956,09/15/1956,2,0,0,1,400
1957,03/14/1957,2,0,0,2.3,10
1957,03/14/1957,2,0,0,0.1,100
1957,03/14/1957,2,0,0,0.1,10
1957,03/14/1957,1,0,0,6.8,30
1957,03/14/1957,1,0,0,2,33
1957,04/03/1957,2,5,0,6.8,10
1957,04/18/1957,0,0,0,0.1,10
1957,04/25/1957,2,0,0,2,300
1957,04/26/1957,1,0,0,22,30
1957,05/09/1957,1,0,0,2.7,200
1957,05/13/1957,1,0,0,0.1,10
1957,05/21/1957,2,0,0,19.7,150
1957,05/21/1957,2,0,0,3.6,150
1957,05/21/1957,3,0,0,8.5,200
1957,05/21/1957,3,0,0,13.7,120
1957,06/10/1957,2,0,0,42.3,10
1957,06/12/1957,0,0,0,1,10
1957,06/14/1957,2,1,0,18.5,10
1957,06/14/1957,2,5,0,1.9,10
1957,06/14/1957,4,50,2,4.3,220
1957,06/14/1957,1,0,0,1,83
1957,12/18/1957,3,0,0,20.2,10
1957,12/18/1957,3,0,0,17.7,10
1957,12/18/1957,2,1,0,1,10
1957,12/18/1957,1,1,0,0.1,10
1957,12/18/1957,3,1,0,2.5,10
1957,12/18/1957,2,2,0,4.5,10
1957,12/18/1957,4,45,1,16.8,250
1957,12/18/1957,2,0,0,5.4,10
1957,12/18/1957,3,0,0,5.7,10
1957,12/18/1957,2,0,0,11.6,200
1957,12/18/1957,5,6,1,5.4,200
1957,12/18/1957,4,200,11,28.3,300
1957,12/18/1957,3,1,0,19.6,200
1957,12/18/1957,2,5,0,1.5,10
1957,12/18/1957,3,0,0,4.5,10
1957,12/18/1957,3,3,0,2.5,150
1957,12/18/1957,3,4,0,19.8,10
1957,12/18/1957,2,0,0,0.1,10
1957,12/18/1957,1,0,0,3,60
1957,12/19/1957,2,0,0,1,67
1957,12/19/1957,2,0,0,0.5,100
1958,04/05/1958,3,8,1,60.5,100
1958,04/05/1958,0,0,0,4.9,100
1958,04/05/1958,3,11,0,20.6,100
1958,04/05/1958,1,0,0,5.1,80
1958,05/03/1958,1,0,0,75.9,100
1958,05/03/1958,1,0,0,1,10
1958,05/03/1958,2,1,0,4.7,10
1958,05/03/1958,1,1,0,3,150
1958,05/03/1958,2,0,0,7.8,200
1958,05/03/1958,2,0,0,5.9,10
1958,05/31/1958,0,0,0,8.8,10
1958,05/31/1958,1,0,0,0.1,10
1958,06/01/1958,1,0,0,0.1,50
1958,06/01/1958,2,0,0,0.5,100
1958,06/08/1958,1,0,0,1,10
1958,06/08/1958,1,0,0,1,10
1958,06/08/1958,1,0,0,0.1,10
1958,06/13/1958,1,0,0,1,10
1958,06/23/1958,0,0,0,0.1,40
1958,07/10/1958,1,0,0,2,167
1958,07/11/1958,2,1,0,32.9,50
1958,07/11/1958,3,3,0,4.7,30
1958,08/06/1958,2,0,0,2,70
1958,08/15/1958,2,0,0,74.5,100
1958,08/15/1958,1,0,0,13.9,30
1958,08/30/1958,2,0,0,0.1,10
1958,08/30/1958,1,0,0,1,70
1958,10/08/1958,2,0,0,0,0
1958,10/08/1958,2,0,1,81,10
1959,02/10/1959,4,0,0,0.1,200
1959,02/10/1959,1,0,0,29.8,10
1959,02/10/1959,1,0,0,0.1,10
1959,03/14/1959,2,1,0,2.3,120
1959,03/14/1959,1,0,0,7.7,10
1959,03/15/1959,2,2,0,2,10
1959,03/26/1959,1,0,0,0.1,10
1959,03/26/1959,2,0,0,3,200
1959,04/17/1959,1,0,0,2,10
1959,05/09/1959,1,0,0,0.1,10
1959,05/10/1959,1,0,0,3.6,50
1959,05/11/1959,2,0,0,0.1,30
1959,05/26/1959,1,0,0,0.1,10
1959,05/26/1959,1,0,0,0.1,10
1959,06/10/1959,0,0,0,0.1,10
1959,07/10/1959,1,0,0,0.1,10
1959,07/10/1959,1,0,0,1,60
1959,07/30/1959,1,0,0,0.1,10
1959,08/04/1959,2,0,0,26.7,10
1959,08/15/1959,1,0,0,0.1,200
1959,08/26/1959,2,0,0,5.6,50
1959,09/21/1959,1,0,0,2,40
1959,09/26/1959,2,0,0,3.3,40
1959,09/26/1959,1,0,0,18.8,10
1959,09/26/1959,2,0,1,4.9,300
1959,09/26/1959,2,0,0,12.9,10
1959,09/26/1959,2,0,0,1.9,40
1959,09/26/1959,1,0,0,0.1,10
1959,09/26/1959,2,0,0,5.1,10
1959,09/26/1959,1,0,0,3,10
1959,09/26/1959,2,0,0,9.3,10
1959,09/26/1959,1,14,0,12.1,10
1959,09/26/1959,1,0,0,0.3,130
1959,09/26/1959,1,0,0,3,10
1959,09/27/1959,2,1,0,9.4,200
1959,10/08/1959,2,1,0,2,90
1959,10/10/1959,2,0,0,48.7,33
1960,02/09/1960,1,2,0,0.1,10
1960,02/09/1960,2,1,0,24,77
1960,02/09/1960,1,0,0,1,27
1960,03/29/1960,2,0,0,0.1,10
1960,03/29/1960,2,0,0,22.3,130
1960,04/16/1960,1,0,0,2.7,60
1960,04/16/1960,1,0,0,0.1,10
1960,04/17/1960,1,0,0,0.1,10
1960,04/17/1960,2,0,0,21.9,200
1960,04/17/1960,1,4,0,1,60
1960,04/25/1960,1,0,0,0.5,20
1960,04/30/1960,1,0,0,0.2,30
1960,05/06/1960,1,0,0,1,100
1960,05/06/1960,1,0,0,0.3,100
1960,05/06/1960,1,0,0,43.5,50
1960,05/06/1960,2,0,0,20.9,130
1960,05/16/1960,1,0,0,0.1,10
1960,05/16/1960,1,0,0,0.1,10
1960,05/16/1960,1,0,0,0.1,10
1960,05/16/1960,2,0,0,0.1,10
1960,05/20/1960,0,0,0,0.1,30
1960,05/25/1960,1,0,0,0.1,10
1960,05/25/1960,2,0,0,0.1,10
1960,06/01/1960,1,0,0,0.1,10
1960,06/04/1960,0,0,0,0.1,10
1960,06/04/1960,1,0,0,0.1,10
1960,06/04/1960,2,1,0,56.2,20
1960,06/05/1960,2,0,0,9.6,10
1960,06/16/1960,0,0,0,0.1,10
1960,06/16/1960,0,0,0,0.1,10
1960,06/16/1960,1,0,0,0.1,10
1960,06/22/1960,0,0,0,0.1,10
1960,06/22/1960,2,0,0,0.1,10
1960,06/23/1960,1,0,0,22.6,10
1960,06/23/1960,2,1,0,34.9,100
1960,06/23/1960,2,0,0,3.8,800
1960,06/28/1960,1,0,0,0.1,10
1960,06/30/1960,2,17,0,16.9,10
1960,07/02/1960,1,0,0,23.6,150
1960,08/03/1960,1,0,0,0.1,10
1961,03/04/1961,1,1,0,51.5,10
1961,03/04/1961,2,115,1,7.9,100
1961,03/04/1961,0,0,0,6.2,50
1961,03/06/1961,1,1,0,117.9,77
1961,03/06/1961,1,0,0,0,0
1961,03/06/1961,2,0,0,110.2,10
1961,03/06/1961,2,2,0,4.7,100
1961,03/06/1961,3,3,0,21.2,10
1961,03/06/1961,1,0,0,24.6,10
1961,03/06/1961,2,2,0,30.6,10
1961,04/23/1961,3,4,0,51.7,10
1961,04/23/1961,3,4,0,36.3,10
1961,04/24/1961,3,3,0,64.2,10
1961,05/14/1961,3,0,0,0,0
1961,05/14/1961,3,8,0,127.1,100
1961,05/14/1961,0,0,0,22.9,10
1961,05/14/1961,1,0,0,4.9,10
1961,06/07/1961,0,0,0,0.1,10
1961,06/10/1961,0,0,0,0.1,10
1961,06/14/1961,1,0,0,0.1,10
1961,07/21/1961,1,0,0,0,0
1961,07/21/1961,1,0,0,147.4,10
1961,07/21/1961,0,0,0,0.1,10
1961,07/21/1961,0,0,0,2,10
1961,07/21/1961,2,0,0,3.6,10
1961,07/21/1961,1,0,0,0.1,10
1961,07/28/1961,0,0,0,0.1,10
1961,08/01/1961,0,0,0,0.1,10
1961,08/19/1961,0,0,0,0.1,10
1961,09/01/1961,1,4,0,0.1,100
1961,09/22/1961,1,0,0,2,800
1961,09/24/1961,1,0,0,0.3,50
1961,09/24/1961,2,1,0,5,10
1961,09/24/1961,1,0,1,0.1,10
1961,09/30/1961,1,0,0,2.3,10
1961,09/30/1961,1,0,0,1.5,10
1961,09/30/1961,1,0,0,0.1,150
1961,09/30/1961,0,0,0,0.3,10
1962,03/11/1962,1,0,0,0.1,10
1962,04/30/1962,1,0,0,5.2,100
1962,05/07/1962,2,0,0,7.2,10
1962,05/07/1962,2,0,0,7.2,10
1962,05/26/1962,2,0,0,0.1,10
1962,05/28/1962,0,0,0,0.1,10
1962,05/28/1962,2,0,0,0.1,10
1962,05/28/1962,0,0,0,0.1,10
1962,05/28/1962,2,0,0,0.1,10
1962,05/29/1962,1,0,0,0.1,10
1962,06/08/1962,1,0,0,0.2,10
1962,06/23/1962,2,10,0,0.5,100
1962,07/02/1962,2,0,0,6.9,50
1963,03/16/1963,3,0,0,0.3,30
1963,04/17/1963,4,70,1,57.3,130
1963,04/17/1963,4,50,1,25.2,130
1963,04/18/1963,2,0,0,0.1,10
1963,04/19/1963,2,22,0,14.8,250
1963,04/19/1963,2,10,0,6.9,250
1963,04/19/1963,2,0,0,0.1,10
1963,04/22/1963,3,5,1,42.9,10
1963,04/22/1963,3,5,0,31.8,200
1963,04/22/1963,3,40,0,38.6,1600
1963,04/22/1963,3,40,0,38.6,1600
1963,06/10/1963,1,0,0,2,30
1963,06/13/1963,1,0,0,0.3,200
1963,09/02/1963,0,0,0,10.8,10
1964,03/08/1964,1,0,0,3.8,20
1964,03/08/1964,2,0,0,13.1,40
1964,03/25/1964,2,2,0,11.5,50
1964,04/02/1964,1,0,0,0.2,10
1964,04/02/1964,2,0,0,4.5,77
1964,04/02/1964,2,4,0,4.9,20
1964,04/21/1964,3,0,0,14.1,17
1965,02/09/1965,2,0,0,3.3,10
1965,04/11/1965,4,75,6,9.1,400
1965,04/11/1965,2,0,0,4.5,200
1965,04/11/1965,1,0,0,0.3,150
1965,04/11/1965,1,0,0,0.5,250
1965,04/23/1965,2,0,0,0.2,100
1965,04/23/1965,1,1,0,25.4,100
1965,04/23/1965,1,0,0,6.6,100
1965,04/24/1965,3,1,0,6.5,43
1965,04/24/1965,1,0,0,0.3,40
1965,05/26/1965,2,11,0,13.8,70
1965,05/26/1965,2,0,0,1,50
1965,05/26/1965,1,0,0,0.5,10
1965,06/23/1965,1,0,0,0.1,10
1965,08/26/1965,1,0,0,2,70
1965,08/27/1965,0,0,0,0.4,57
1965,09/04/1965,1,0,0,1.5,100
1965,09/14/1965,3,30,0,6.6,200
1965,09/14/1965,2,2,0,11.5,77
1965,09/14/1965,2,2,0,1,50
1965,11/12/1965,2,0,0,32.1,17
1965,11/12/1965,2,90,2,35.9,120
1965,11/12/1965,2,0,0,1,20
1965,11/12/1965,2,0,0,8.7,50
1965,11/12/1965,0,0,0,0.2,10
1965,11/12/1965,2,0,0,0.3,10
1965,11/26/1965,1,0,0,0.3,10
1965,11/26/1965,2,5,0,0.5,20
1966,03/21/1966,2,0,0,0.1,300
1966,04/19/1966,2,0,0,0.5,40
1966,04/19/1966,1,0,0,0.5,100
1966,04/20/1966,0,0,0,4.3,77
1966,05/23/1966,1,0,0,2,100
1966,06/09/1966,0,0,0,0.1,10
1966,06/09/1966,2,0,0,0.1,10
1966,06/09/1966,2,30,1,2.5,10
1966,07/09/1966,1,0,0,1.9,400
1966,08/09/1966,0,0,0,0.3,100
1966,10/14/1966,2,20,0,1,100
1967,01/24/1967,2,0,0,5.7,77
1967,01/24/1967,3,12,0,7.4,77
1967,01/24/1967,1,1,0,4.5,30
1967,01/24/1967,3,3,1,5.1,80
1967,01/24/1967,2,0,0,3.3,77
1967,01/24/1967,2,0,0,2.5,100
1967,01/24/1967,2,0,0,2.5,73
1967,01/24/1967,2,5,0,10.4,50
1967,03/31/1967,1,0,0,5.2,100
1967,04/21/1967,1,0,0,0.3,30
1967,04/21/1967,2,0,0,25.1,300
1967,04/21/1967,2,0,0,4.5,300
1967,04/21/1967,4,450,24,25.5,1200
1967,04/21/1967,1,0,0,1,13
1967,04/21/1967,2,0,0,5.6,77
1967,04/21/1967,1,0,0,5.6,100
1967,04/21/1967,1,0,0,0.5,150
1967,04/21/1967,2,1,0,0.3,30
1967,04/21/1967,1,0,0,2,40
1967,04/21/1967,4,100,1,8.8,150
1967,04/21/1967,2,5,0,2.68,115
1967,04/21/1967,2,0,0,0.3,10
1967,04/21/1967,1,0,0,0.5,10
1967,04/21/1967,1,0,0,6.8,20
1967,04/21/1967,4,500,33,15,200
1967,04/21/1967,1,0,0,0.3,10
1967,04/21/1967,1,0,0,0.1,10
1967,05/07/1967,1,0,0,1.3,150
1967,05/15/1967,1,0,0,0.5,20
1967,05/16/1967,1,0,0,0.5,20
1967,06/10/1967,1,0,0,0.2,100
1967,06/11/1967,2,0,0,4.3,500
1967,06/11/1967,1,0,0,0.1,10
1967,06/20/1967,1,0,0,0.8,20
1967,06/21/1967,2,0,0,0.1,10
1967,07/23/1967,2,0,0,9.4,50
1967,08/03/1967,1,0,0,0.5,67
1967,10/24/1967,1,0,0,0.3,30
1967,12/21/1967,1,0,0,1.5,127
1967,12/21/1967,2,0,0,1,50
1967,12/21/1967,3,2,0,23.6,400
1968,04/03/1968,2,0,0,19.8,50
1968,04/03/1968,1,0,0,8.3,50
1968,04/03/1968,1,0,0,0.5,100
1968,05/15/1968,3,25,0,12.6,600
1968,05/15/1968,1,50,4,25.4,1000
1968,05/15/1968,3,0,0,7.1,400
1968,05/15/1968,3,60,4,2,200
1968,07/17/1968,1,0,0,3.8,127
1969,05/10/1969,0,0,0,0.1,10
1969,06/24/1969,1,0,0,0.1,10
1969,06/30/1969,1,0,0,0.1,10
1969,07/24/1969,0,0,0,0.3,50
1969,07/26/1969,1,0,0,5.1,37
1969,08/09/1969,0,0,0,0.1,10
1969,09/04/1969,2,0,0,2.5,10
1969,09/04/1969,1,0,0,0.1,10
1969,10/10/1969,2,4,0,0.3,100
1969,10/10/1969,2,0,0,1,200
1970,03/25/1970,2,1,0,0.1,10
1970,04/19/1970,1,0,0,0.1,10
1970,04/30/1970,1,0,0,0.1,10
1970,04/30/1970,2,9,0,4.9,10
1970,05/09/1970,1,0,0,2.7,200
1970,05/24/1970,1,0,0,0.5,10
1970,06/01/1970,2,5,0,0.1,160
1970,06/01/1970,1,0,0,0.1,20
1970,06/14/1970,1,0,0,1.5,50
1970,06/16/1970,2,0,0,4.3,40
1970,06/16/1970,1,0,0,3,200
1970,06/16/1970,1,0,0,2,10
1970,06/16/1970,1,0,0,2,100
1970,07/08/1970,1,1,0,0.5,20
1970,07/19/1970,0,0,0,0.1,20
1970,09/09/1970,2,0,0,14.3,70
1970,09/09/1970,2,0,0,7.7,70
1970,09/23/1970,1,0,0,15.4,10
1971,02/19/1971,1,0,0,7.7,440
1971,02/19/1971,1,2,0,12,100
1971,03/15/1971,1,0,0,0.5,100
1971,04/27/1971,3,20,1,4.5,200
1971,05/06/1971,2,1,0,55.3,50
1971,05/06/1971,2,0,0,11.5,50
1971,05/06/1971,1,0,0,0.1,30
1971,05/24/1971,1,0,0,2,150
1971,06/01/1971,1,0,0,0.1,10
1971,06/15/1971,0,0,0,1.5,30
1971,07/18/1971,1,0,0,0.1,10
1971,08/21/1971,1,0,0,0.1,10
1971,08/24/1971,2,2,0,1,83
1971,11/01/1971,1,0,0,1.5,20
1971,11/01/1971,1,0,0,5.1,30
1971,12/10/1971,1,0,0,0.1,30
1971,12/15/1971,1,24,0,11.4,350
1972,04/06/1972,2,9,1,17.5,50
1972,04/06/1972,2,22,1,6.8,50
1972,04/06/1972,1,0,0,10.7,50
1972,04/06/1972,1,0,0,3.6,50
1972,04/06/1972,2,0,0,5.1,50
1972,04/06/1972,0,0,0,0.1,10
1972,04/13/1972,1,0,0,0.1,10
1972,04/13/1972,1,0,0,4.9,100
1972,04/14/1972,2,9,0,30.9,30
1972,04/21/1972,2,3,0,6.9,10
1972,04/21/1972,3,0,3,0.3,60
1972,04/21/1972,1,2,0,0.1,10
1972,04/21/1972,1,0,0,0.1,10
1972,04/21/1972,1,0,0,1,20
1972,05/14/1972,0,0,0,0.1,10
1972,05/14/1972,0,0,0,0.1,10
1972,06/03/1972,0,0,0,0.1,10
1972,06/09/1972,1,0,0,0.1,30
1972,06/19/1972,1,2,0,0.1,10
1972,06/19/1972,1,1,0,0.1,10
1972,07/12/1972,1,0,0,0.5,130
1972,07/14/1972,1,0,0,21.9,10
1972,07/14/1972,0,1,0,0.1,10
1972,07/17/1972,3,0,0,81.5,200
1972,07/17/1972,1,0,0,29.6,10
1972,07/17/1972,1,0,0,27.2,10
1972,07/17/1972,2,0,0,0.1,10
1972,08/23/1972,1,0,0,0.1,10
1972,08/25/1972,2,1,0,1.8,200
1972,09/28/1972,4,20,0,5.2,220
1973,01/18/1973,1,0,0,95.9,10
1973,03/31/1973,1,0,0,0.1,10
1973,03/31/1973,0,0,0,0.1,10
1973,03/31/1973,1,0,0,0.1,10
1973,03/31/1973,2,0,0,0.1,10
1973,04/19/1973,2,0,0,0.1,10
1973,04/21/1973,2,2,0,30.2,10
1973,04/21/1973,2,0,0,0.2,10
1973,04/21/1973,1,0,0,0.2,10
1973,04/21/1973,1,0,0,11.6,10
1973,04/21/1973,1,0,0,8.6,60
1973,05/07/1973,2,0,0,0.1,10
1973,05/07/1973,1,0,0,2.3,300
1973,05/07/1973,1,3,0,0.1,10
1973,05/07/1973,1,1,0,0.1,10
1973,05/07/1973,1,0,0,0.1,10
1973,05/08/1973,1,0,0,0.1,10
1973,06/02/1973,1,0,0,0.1,10
1973,06/02/1973,1,0,0,0.1,10
1973,06/02/1973,1,0,0,0.1,10
1973,06/02/1973,0,0,0,0.1,10
1973,06/02/1973,0,0,0,0.1,10
1973,06/02/1973,2,0,0,0.1,10
1973,06/02/1973,1,0,0,3,10
1973,06/04/1973,2,0,0,0.1,10
1973,06/04/1973,1,0,0,0.2,10
1973,06/04/1973,2,0,0,0.1,10
1973,06/12/1973,1,0,0,5.2,10
1973,06/15/1973,0,0,0,0.1,10
1973,06/16/1973,0,0,0,0.1,10
1973,06/16/1973,0,0,0,0.1,10
1973,06/16/1973,0,0,0,0.1,10
1973,06/16/1973,1,0,0,0.1,10
1973,06/16/1973,1,0,0,0.1,10
1973,06/16/1973,0,0,0,0.1,10
1973,06/16/1973,0,0,0,0.1,10
1973,06/16/1973,0,0,0,0.1,10
1973,06/17/1973,0,0,0,0.1,10
1973,06/17/1973,0,0,0,0.1,10
1973,06/18/1973,0,0,0,0.1,10
1973,06/18/1973,0,0,0,0.1,10
1973,06/18/1973,0,0,0,0.1,10
1973,06/18/1973,1,0,0,0.1,10
1973,07/01/1973,1,0,0,0.1,10
1973,07/23/1973,0,0,0,0.1,10
1973,07/23/1973,0,0,0,0.1,10
1973,07/27/1973,1,0,0,0.1,10
1973,07/27/1973,2,0,0,0.1,10
1973,07/29/1973,2,0,0,0.1,10
1973,08/08/1973,1,0,0,0.1,10
1973,08/08/1973,1,0,0,0.1,10
1973,08/12/1973,2,0,0,0.1,10
1973,08/14/1973,2,0,0,0.1,10
1973,08/14/1973,0,0,0,0.1,10
1973,09/04/1973,0,0,0,14.6,10
1973,09/04/1973,0,0,0,0.1,10
1973,09/30/1973,3,0,0,0.1,10
1973,10/01/1973,1,0,0,0.1,10
1973,12/04/1973,2,1,0,0.1,10
1973,12/04/1973,1,0,0,0.1,10
1973,12/04/1973,0,2,0,0.1,10
1973,12/04/1973,0,0,0,0.1,10
1973,12/04/1973,1,0,0,0.1,10
1974,03/09/1974,0,0,0,0.1,10
1974,03/29/1974,2,1,0,0.1,10
1974,03/29/1974,1,0,0,0.1,10
1974,04/01/1974,3,0,0,3.3,200
1974,04/03/1974,0,0,0,0.1,10
1974,04/03/1974,0,0,0,0.1,10
1974,04/03/1974,1,0,0,16.7,177
1974,04/03/1974,3,26,1,20.9,350
1974,04/03/1974,3,0,0,7.4,350
1974,04/03/1974,1,0,0,8.5,70
1974,04/03/1974,1,0,0,10.9,20
1974,04/03/1974,0,0,0,3.3,20
1974,04/03/1974,3,0,1,5.9,70
1974,04/03/1974,3,0,0,14.9,350
1974,04/03/1974,2,12,0,7.8,177
1974,04/03/1974,1,0,0,14.8,90
1974,04/12/1974,2,0,0,12.5,20
1974,04/13/1974,3,0,0,11,700
1974,04/13/1974,2,10,0,19.5,500
1974,04/13/1974,2,0,0,0.1,20
1974,04/13/1974,2,1,0,0.1,17
1974,04/21/1974,2,0,0,2,50
1974,04/21/1974,1,2,0,0.1,10
1974,04/21/1974,1,0,0,0.1,10
1974,05/16/1974,2,0,0,9.2,100
1974,05/30/1974,2,12,0,15.8,200
1974,05/30/1974,1,0,0,0.1,10
1974,05/30/1974,2,0,0,0.1,10
1974,05/30/1974,0,0,0,0.1,10
1974,05/30/1974,0,0,0,0.1,10
1974,06/06/1974,2,0,0,3.3,10
1974,06/08/1974,0,0,0,0.1,10
1974,06/08/1974,0,0,0,0.1,10
1974,06/08/1974,0,0,0,0.1,10
1974,06/08/1974,0,0,0,0.1,10
1974,06/09/1974,0,0,0,0.1,10
1974,06/09/1974,1,0,0,0.1,10
1974,06/14/1974,3,2,0,48.6,440
1974,06/14/1974,0,0,0,0.1,10
1974,06/19/1974,2,0,0,1,20
1974,06/19/1974,0,0,0,0.1,10
1974,06/19/1974,0,0,0,0.1,10
1974,06/19/1974,0,0,0,0.1,10
1974,06/19/1974,0,0,0,0.1,10
1974,06/19/1974,0,0,0,0.1,10
1974,06/20/1974,0,0,0,0.1,10
1974,06/20/1974,0,0,0,0.1,10
1974,06/20/1974,0,0,0,0.1,10
1974,06/20/1974,1,0,0,0.1,10
1974,06/20/1974,0,0,0,1.5,10
1974,06/20/1974,0,0,0,0.1,10
1974,06/20/1974,1,0,0,0.1,10
1974,06/20/1974,0,0,0,0.1,10
1974,06/20/1974,1,0,0,0.1,10
1974,06/20/1974,0,0,0,0.1,10
1974,06/20/1974,0,0,0,0.1,10
1974,06/20/1974,0,0,0,0.1,10
1974,06/20/1974,0,0,0,0.1,10
1974,06/20/1974,0,0,0,0.1,10
1974,06/20/1974,0,0,0,0.1,10
1974,06/20/1974,1,0,0,0.1,10
1974,06/20/1974,0,0,0,0.1,10
1974,06/20/1974,0,0,0,0.1,10
1974,06/20/1974,0,0,0,0.1,10
1974,06/20/1974,0,0,0,0.1,10
1974,06/20/1974,0,0,0,0.1,10
1974,06/20/1974,0,0,0,0.1,10
1974,06/21/1974,1,0,0,0.1,10
1974,06/21/1974,1,0,0,0.1,10
1974,06/22/1974,2,0,0,0.8,100
1974,06/22/1974,0,0,0,0.1,10
1974,06/22/1974,0,0,0,0.1,10
1974,06/22/1974,2,0,0,0.1,10
1974,07/01/1974,0,0,0,0.1,10
1974,07/14/1974,0,0,0,0.1,10
1974,08/02/1974,1,0,0,2.3,33
1974,08/10/1974,0,0,0,0.1,10
1974,08/10/1974,0,0,0,0.1,10
1974,08/10/1974,2,0,0,2.7,20
1974,08/10/1974,0,0,0,0.1,10
1974,08/10/1974,0,0,0,0.1,10
1974,08/10/1974,0,0,0,0.1,10
1974,08/10/1974,0,0,0,0.1,10
1974,08/10/1974,0,0,0,0.1,10
1974,08/10/1974,0,0,0,0.1,10
1974,08/10/1974,0,0,0,0.1,10
1974,08/10/1974,0,0,0,0.1,10
1974,08/10/1974,0,0,0,0.1,10
1974,08/10/1974,0,0,0,0.1,10
1974,08/10/1974,0,0,0,0.1,10
1974,08/10/1974,0,0,0,0.1,10
1974,08/10/1974,3,0,0,0.1,10
1974,08/10/1974,2,0,0,0.1,10
1974,08/10/1974,0,0,0,0.1,10
1974,08/10/1974,0,0,0,0.1,10
1974,08/10/1974,0,0,0,0.1,10
1974,08/10/1974,0,0,0,0.1,10
1974,08/10/1974,0,0,0,0.1,10
1974,08/10/1974,3,0,0,0.1,10
1974,08/10/1974,0,0,0,0.1,10
1974,08/10/1974,1,0,0,11.5,30
1974,08/12/1974,0,0,0,0.1,10
1974,08/13/1974,0,0,0,0.1,10
1974,08/13/1974,0,0,0,0.1,10
1974,08/18/1974,1,0,0,0.1,10
1974,09/12/1974,2,0,0,0.3,600
1974,09/12/1974,2,0,0,0.1,10
1975,01/10/1975,2,0,0,2,587
1975,01/10/1975,1,0,0,0.1,10
1975,03/23/1975,2,2,0,1,80
1975,03/28/1975,0,0,0,0.1,10
1975,04/18/1975,1,0,0,0.5,50
1975,04/18/1975,0,0,0,0.2,77
1975,04/18/1975,3,1,0,2,30
1975,04/18/1975,1,0,0,2.5,50
1975,04/18/1975,1,0,0,2,50
1975,04/29/1975,0,0,0,0.1,10
1975,04/30/1975,0,0,0,0.1,10
1975,04/30/1975,0,0,0,0.1,10
1975,05/11/1975,1,2,0,0.2,50
1975,05/20/1975,2,1,0,2,50
1975,05/20/1975,2,0,0,0.1,10
1975,05/24/1975,2,0,0,0.1,10
1975,05/25/1975,0,0,0,0.1,10
1975,05/26/1975,0,0,0,0.1,10
1975,05/30/1975,2,0,0,4.3,100
1975,06/01/1975,0,0,0,0.1,10
1975,06/13/1975,0,0,0,0.1,10
1975,06/13/1975,3,0,0,6.6,1300
1975,06/14/1975,2,0,0,0.1,10
1975,06/14/1975,2,0,0,1,167
1975,06/17/1975,2,0,0,1.5,20
1975,06/18/1975,2,1,0,4.7,27
1975,06/18/1975,0,0,0,0.1,10
1975,06/20/1975,0,0,0,0.1,10
1975,06/20/1975,1,0,0,0.1,17
1975,06/20/1975,0,0,0,0.1,10
1975,06/24/1975,0,0,0,0.5,17
1975,06/24/1975,1,0,0,2,10
1975,07/06/1975,1,0,0,0.1,10
1975,07/08/1975,2,0,0,0.1,10
1975,07/11/1975,0,0,0,0.1,10
1975,07/23/1975,3,0,0,11.1,2630
1975,07/23/1975,3,69,2,14,2630
1975,07/23/1975,0,0,0,0.5,20
1975,08/14/1975,2,0,0,1,30
1975,11/09/1975,1,0,0,0.1,10
1975,11/10/1975,1,0,0,0.1,10
1975,11/10/1975,2,0,0,0.1,10
1975,11/29/1975,2,0,0,18.6,10
1975,11/29/1975,1,1,0,0.1,10
1975,11/29/1975,1,1,0,4.3,200
1975,11/30/1975,2,0,0,5.9,10
1976,02/16/1976,2,0,0,1,80
1976,02/16/1976,2,1,0,1,10
1976,03/04/1976,2,0,0,0.1,440
1976,03/04/1976,3,0,0,0.8,100
1976,03/12/1976,3,3,0,22.6,30
1976,03/12/1976,2,66,2,15.1,150
1976,03/12/1976,3,15,1,38.5,250
1976,03/12/1976,3,0,0,10,250
1976,03/20/1976,3,4,0,8.8,27
1976,03/20/1976,2,0,0,39,250
1976,03/20/1976,4,18,0,63.7,800
1976,03/20/1976,0,0,0,1.9,17
1976,03/20/1976,1,0,0,3.5,17
1976,03/26/1976,1,0,0,1.5,600
1976,03/26/1976,2,0,0,0.5,10
1976,04/20/1976,2,2,0,0.8,50
1976,04/23/1976,2,0,0,0.1,67
1976,04/23/1976,2,0,0,0.1,10
1976,05/15/1976,0,0,0,0.1,10
1976,05/30/1976,2,0,0,0.3,10
1976,06/13/1976,4,23,2,3.3,1760
1976,06/29/1976,4,0,0,4.9,40
1976,06/29/1976,0,0,0,0.5,50
1976,06/29/1976,2,0,0,0.1,10
1976,07/28/1976,2,0,0,0.1,10
1976,07/28/1976,0,0,0,0.1,10
1976,07/28/1976,3,0,0,0.1,10
1976,08/11/1976,2,1,0,0.1,10
1977,05/05/1977,4,2,0,7.3,1000
1977,06/30/1977,0,0,0,3.6,177
1977,06/30/1977,3,0,0,6.1,850
1977,06/30/1977,0,0,0,3,177
1977,06/30/1977,1,0,0,1.6,90
1977,06/30/1977,0,0,0,1.7,350
1977,06/30/1977,1,0,0,0.4,90
1977,06/30/1977,1,0,0,2.3,177
1977,06/30/1977,1,0,0,1,33
1977,07/18/1977,1,0,0,3,150
1977,08/06/1977,1,0,0,7.8,60
1977,08/06/1977,0,0,0,0.8,350
1977,08/06/1977,1,0,0,6.1,60
1977,08/06/1977,0,0,0,0.8,10
1977,08/06/1977,0,0,0,1.9,23
1977,08/06/1977,1,0,0,1.3,350
1977,08/06/1977,2,0,0,2.3,350
1977,08/06/1977,1,0,0,1,50
1977,08/06/1977,1,0,0,6.2,33
1977,08/06/1977,3,0,0,4.1,100
1977,08/06/1977,1,0,0,5.9,30
1977,08/06/1977,1,0,0,3.6,150
1977,08/06/1977,0,0,0,0.6,50
1977,08/06/1977,0,0,0,0.2,17
1977,08/06/1977,0,0,0,0.2,10
1977,08/06/1977,0,0,0,1.1,17
1977,08/06/1977,1,0,0,2.2,50
1977,08/06/1977,1,0,0,2.8,40
1977,08/06/1977,1,0,0,3.3,90
1977,08/21/1977,3,56,6,26.9,77
1977,09/07/1977,1,0,0,0.1,70
1977,09/07/1977,1,0,0,0.2,143
1977,09/23/1977,2,3,0,2.7,150
1978,04/10/1978,1,0,0,0.5,100
1978,04/18/1978,1,0,0,6.1,177
1978,05/12/1978,2,1,0,34.1,700
1978,05/12/1978,2,3,0,7.6,700
1978,06/25/1978,1,0,0,0.1,50
1978,06/25/1978,1,0,1,1.3,17
1978,06/25/1978,1,0,0,0.5,17
1978,06/25/1978,2,0,0,16.4,400
1978,06/25/1978,2,0,0,0.9,300
1978,07/26/1978,3,0,0,8.9,177
1978,08/02/1978,0,0,0,4.1,880
1978,08/15/1978,3,0,0,6.4,77
1978,08/15/1978,2,0,0,2,100
1979,03/30/1979,1,0,0,1,70
1979,06/09/1979,1,0,0,3,30
1979,06/22/1979,0,0,0,0.5,50
1979,06/29/1979,4,1,0,5.4,100
1979,07/14/1979,1,0,0,3.8,50
1979,08/05/1979,0,0,0,0.2,10
1979,08/05/1979,3,0,0,5.7,67
1979,08/09/1979,1,0,0,0.3,30
1979,08/17/1979,2,0,0,0.5,50
1979,08/19/1979,0,0,0,12.5,30
1979,08/20/1979,1,0,0,1,50
1979,10/22/1979,1,0,0,2,30
1980,04/08/1980,2,0,0,0.5,60
1980,04/08/1980,0,0,0,0.5,60
1980,05/12/1980,1,0,0,1.2,100
1980,05/24/1980,0,0,0,0.1,20
1980,05/24/1980,0,0,0,9,100
1980,06/01/1980,2,7,0,1,10
1980,06/07/1980,0,0,0,0.1,10
1980,06/07/1980,2,0,0,34.5,880
1980,07/10/1980,2,0,0,1.5,17
1980,07/16/1980,2,0,0,1.4,440
1980,09/16/1980,0,0,0,0.8,17
1980,09/16/1980,0,0,0,0.1,10
1980,09/16/1980,0,0,0,0.1,10
1980,09/22/1980,0,0,0,0.1,10
1981,03/29/1981,4,0,0,5.1,33
1981,04/03/1981,4,32,0,11.9,567
1981,04/04/1981,1,4,0,4.9,100
1981,04/13/1981,1,0,0,46.1,100
1981,04/13/1981,0,0,0,0.1,10
1981,04/13/1981,2,0,0,0.1,10
1981,04/13/1981,0,0,0,0.1,10
1981,04/13/1981,1,0,0,34.5,150
1981,04/13/1981,1,0,0,0.1,50
1981,04/22/1981,0,0,0,5.6,50
1981,05/27/1981,0,0,0,0.5,13
1981,06/01/1981,0,0,0,0.1,10
1981,06/08/1981,0,0,0,0.1,10
1981,06/08/1981,0,0,0,0.1,10
1981,06/08/1981,1,0,0,0.1,10
1981,06/08/1981,1,0,0,0.1,10
1981,06/08/1981,1,0,0,0.1,10
1981,06/08/1981,1,0,0,0.1,10
1981,06/08/1981,0,0,0,0.1,10
1981,06/20/1981,1,0,0,1,70
1981,06/20/1981,1,0,0,0.1,10
1981,06/20/1981,0,0,0,0.1,10
1981,06/20/1981,0,0,0,0.1,10
1981,06/21/1981,1,0,0,0.1,10
1981,06/21/1981,1,0,0,0.1,10
1981,06/21/1981,3,12,1,8.8,880
1981,06/21/1981,0,0,0,0.1,10
1981,06/21/1981,0,0,0,0.1,10
1981,06/21/1981,0,0,0,0.3,50
1981,07/04/1981,0,0,0,0.2,167
1981,07/25/1981,2,0,0,2,20
1981,07/25/1981,0,0,0,0.1,10
1981,08/25/1981,1,0,0,0.3,17
1982,03/12/1982,2,1,0,0.1,10
1982,03/30/1982,2,3,1,0.8,100
1982,03/30/1982,1,0,0,0.1,10
1982,04/02/1982,0,0,0,0.3,200
1982,04/02/1982,1,0,0,6,500
1982,04/02/1982,1,5,0,4,127
1982,04/02/1982,3,15,0,12,750
1982,04/03/1982,1,0,0,14,450
1982,04/03/1982,0,0,0,8,127
1982,05/15/1982,0,0,0,0.1,10
1982,05/15/1982,0,0,0,0.2,30
1982,05/15/1982,0,0,0,0.5,10
1982,05/16/1982,0,0,0,0.1,10
1982,05/18/1982,0,0,0,0.1,10
1982,05/18/1982,0,0,0,0.1,10
1982,05/26/1982,0,0,0,0.1,10
1982,05/26/1982,0,0,0,0.1,10
1982,05/29/1982,3,7,0,10,200
1982,05/29/1982,4,181,10,17,400
1982,05/29/1982,0,0,0,0.1,10
1982,05/29/1982,0,0,0,0.1,10
1982,05/30/1982,0,0,0,0.1,10
1982,05/30/1982,0,0,0,0.1,10
1982,05/31/1982,0,1,0,5,40
1982,07/04/1982,0,0,0,0.1,10
1982,07/07/1982,0,0,0,0.1,10
1982,07/10/1982,0,0,0,0.1,10
1982,08/04/1982,0,0,0,7,100
1982,08/24/1982,2,0,0,23.5,300
1982,08/24/1982,0,0,0,12.5,300
1982,08/24/1982,0,0,0,13,300
1982,08/24/1982,0,0,0,11.5,300
1982,08/24/1982,0,0,0,0.8,33
1982,12/02/1982,0,0,0,0.5,33
1982,12/02/1982,3,0,2,10.5,100
1983,03/06/1983,0,0,0,0.5,57
1983,05/01/1983,3,15,0,4,77
1983,05/01/1983,2,1,0,0.2,17
1983,05/01/1983,2,1,0,0.5,77
1983,05/01/1983,3,3,0,15,1000
1983,05/01/1983,2,20,0,4,100
1983,05/01/1983,1,0,0,0.3,33
1983,05/01/1983,0,0,2,0.2,30
1983,05/01/1983,1,0,0,0.2,30
1983,05/01/1983,1,0,0,0.2,30
1983,05/02/1983,1,0,0,0.2,30
1983,05/29/1983,1,1,0,0.2,30
1983,05/29/1983,0,2,0,0.2,30
1983,06/29/1983,0,0,0,0.2,20
1984,03/15/1984,0,0,0,0.1,10
1984,03/19/1984,0,0,0,0.1,10
1984,04/03/1984,0,0,0,0.1,10
1984,04/03/1984,0,0,0,0.1,10
1984,04/03/1984,0,0,0,0.2,10
1984,04/12/1984,1,2,0,3,10
1984,04/12/1984,1,1,0,0.2,10
1984,04/12/1984,0,0,0,0.3,10
1984,04/12/1984,1,1,0,0.3,10
1984,04/27/1984,1,0,0,2.7,150
1984,04/27/1984,3,5,1,9,200
1984,04/27/1984,1,0,0,1,100
1984,04/27/1984,0,0,0,0.3,30
1984,04/29/1984,0,0,0,0.1,10
1984,04/29/1984,0,0,0,0.1,10
1984,04/29/1984,0,0,0,0.1,10
1984,04/29/1984,0,0,0,0.1,10
1984,04/29/1984,0,0,0,0.1,10
1984,04/29/1984,1,0,0,1,10
1984,04/29/1984,1,0,0,0.1,10
1984,04/29/1984,0,0,0,0.1,10
1984,05/25/1984,0,0,0,0.1,10
1984,05/25/1984,2,0,0,0.1,10
1984,06/13/1984,1,0,0,1.8,80
1984,06/13/1984,0,0,0,0.8,100
1984,06/22/1984,1,0,0,0.6,200
1984,06/22/1984,1,0,0,1,300
1984,08/28/1984,1,0,0,1,10
1984,11/01/1984,0,0,0,8,10
1984,11/09/1984,2,11,0,30,150
1984,11/09/1984,1,0,0,0.1,10
1984,11/09/1984,0,0,0,0.1,10
1984,11/09/1984,0,0,0,0.1,10
1984,11/11/1984,1,0,0,1,10
1985,03/27/1985,1,0,0,3,40
1985,03/28/1985,2,0,0,4.5,800
1985,04/05/1985,1,0,0,0.5,100
1985,04/05/1985,2,3,1,1.8,50
1985,05/14/1985,1,0,0,0.1,17
1985,06/15/1985,0,0,0,13,10
1985,06/24/1985,0,0,0,0.2,10
1985,07/04/1985,1,0,0,1.5,230
1985,07/09/1985,2,8,0,0.5,167
1985,07/14/1985,0,0,0,0.2,10
1985,09/09/1985,0,0,0,0.1,100
1985,11/18/1985,0,0,0,0.1,10
1985,11/19/1985,0,0,0,0.1,10
1985,11/19/1985,1,0,0,0.3,20
1985,11/19/1985,1,0,0,5,40
1986,04/30/1986,1,0,0,0.1,20
1986,05/15/1986,0,0,0,0.2,10
1986,05/15/1986,1,1,0,1,10
1986,05/15/1986,1,0,0,6,10
1986,05/15/1986,1,0,0,8,10
1986,05/15/1986,0,0,0,0.2,10
1986,05/15/1986,1,0,0,3.5,100
1986,05/15/1986,2,0,0,5,10
1986,05/16/1986,0,0,0,0.2,10
1986,05/16/1986,0,0,0,0.2,10
1986,05/16/1986,0,0,0,0.2,10
1986,05/16/1986,1,0,0,0.5,10
1986,06/04/1986,0,0,0,3,100
1986,06/30/1986,1,1,0,0.3,10
1986,06/30/1986,0,0,0,4,123
1986,07/06/1986,0,0,0,12,10
1986,09/24/1986,2,0,0,2.5,73
1986,09/28/1986,0,0,0,0.2,10
1986,09/29/1986,1,0,0,1,10
1986,09/29/1986,1,10,0,0.1,50
1986,09/29/1986,2,0,0,2,50
1986,09/29/1986,2,0,0,9,50
1987,04/11/1987,1,0,0,28,23
1987,04/11/1987,0,0,0,1,10
1987,04/13/1987,1,0,0,0.5,10
1987,04/13/1987,1,2,0,3,23
1987,04/14/1987,0,0,0,0.5,10
1987,05/20/1987,1,0,0,0.5,50
1987,06/01/1987,0,0,0,0.2,10
1987,06/01/1987,0,0,0,0.5,10
1987,06/02/1987,0,0,0,0.1,10
1987,06/02/1987,2,0,0,0.1,10
1987,06/02/1987,0,0,0,0.1,10
1987,06/02/1987,0,0,0,0.1,10
1987,06/02/1987,1,0,0,1.5,40
1987,06/02/1987,1,0,0,0.7,50
1987,06/13/1987,0,0,0,0.2,10
1987,06/13/1987,0,0,0,2,10
1987,07/06/1987,1,0,0,0.1,20
1987,07/15/1987,1,0,0,0.2,10
1987,07/29/1987,1,0,0,0.7,10
1987,07/30/1987,1,0,0,0.2,10
1987,08/08/1987,0,0,0,0.2,10
1987,08/16/1987,2,0,0,1,10
1988,04/02/1988,0,0,0,0.2,20
1988,04/05/1988,2,0,0,30,50
1988,04/22/1988,0,0,0,0.2,20
1988,04/22/1988,0,0,0,0.5,20
1988,05/08/1988,1,0,0,0.3,10
1988,05/08/1988,1,0,0,0.2,50
1988,05/08/1988,1,0,0,0.2,13
1988,05/08/1988,0,0,0,0.1,13
1988,05/08/1988,1,0,0,1,10
1988,05/08/1988,2,0,0,0.1,50
1988,05/08/1988,1,2,0,0.5,50
1988,05/08/1988,1,1,0,18,60
1988,05/08/1988,1,3,0,2,40
1988,05/08/1988,0,0,0,0.5,50
1988,09/19/1988,0,0,0,0.1,10
1988,11/15/1988,1,0,0,0.2,50
1988,11/15/1988,2,0,0,0.1,50
1988,11/15/1988,2,0,0,0.4,50
1988,11/15/1988,3,0,0,9,200
1988,11/15/1988,1,0,0,0.1,50
1989,01/07/1989,0,0,0,0.5,20
1989,01/07/1989,2,0,0,0,0
1989,01/07/1989,2,6,0,27,100
1989,01/07/1989,1,0,0,0.5,50
1989,01/07/1989,4,55,0,19,200
1989,01/07/1989,4,50,0,7,200
1989,04/03/1989,1,0,0,0.2,50
1989,04/03/1989,1,0,0,0.6,50
1989,04/03/1989,0,0,0,0.2,50
1989,04/03/1989,1,0,0,0.1,20
1989,05/19/1989,1,0,0,1,30
1989,05/19/1989,1,0,0,0.2,20
1989,05/25/1989,1,0,0,0.8,30
1989,05/25/1989,1,0,0,0.2,50
1989,06/05/1989,0,0,0,0.1,10
1989,07/24/1989,0,0,0,0.1,10
1989,10/16/1989,2,0,0,2,800
1990,03/08/1990,2,0,0,42,10
1990,03/13/1990,3,1,0,15,250
1990,05/09/1990,2,0,0,0.2,50
1990,05/09/1990,2,0,0,0.5,50
1990,05/09/1990,1,0,0,0.5,50
1990,05/12/1990,1,0,0,6,100
1990,05/12/1990,2,0,0,0.2,100
1990,05/15/1990,0,0,0,0.1,30
1990,05/16/1990,1,0,0,10,100
1990,05/16/1990,0,0,0,0.1,50
1990,05/16/1990,1,0,0,10,50
1990,06/02/1990,2,2,0,8,600
1990,06/02/1990,0,0,0,0.5,50
1990,06/02/1990,1,0,0,0.5,50
1990,06/02/1990,1,0,0,8,200
1990,06/02/1990,4,2,0,23,300
1990,06/02/1990,2,0,0,17.5,150
1990,06/02/1990,2,0,0,11,150
1990,06/02/1990,2,6,0,8,100
1990,06/02/1990,2,0,0,4,100
1990,06/02/1990,4,6,0,12.5,200
1990,06/02/1990,4,12,1,106,300
1990,06/02/1990,4,1,1,43,300
1990,06/02/1990,1,0,0,3,50
1990,06/02/1990,0,0,0,3,50
1990,06/02/1990,2,1,0,5,50
1990,06/02/1990,2,1,0,1,50
1990,06/13/1990,0,0,0,0.1,20
1990,06/13/1990,0,0,0,7,20
1990,06/13/1990,0,0,0,0.1,50
1990,06/13/1990,1,0,0,0.2,10
1990,06/14/1990,1,0,0,0.2,50
1990,06/16/1990,1,0,0,0.1,10
1990,06/19/1990,2,0,0,0.3,100
1990,06/19/1990,1,0,0,1,100
1990,06/20/1990,1,0,0,0.2,100
1990,06/20/1990,2,0,0,8,100
1990,06/20/1990,1,0,0,4,100
1990,06/22/1990,2,0,0,3,100
1990,06/22/1990,1,0,0,0.5,50
1990,06/29/1990,1,0,0,0.5,100
1990,08/28/1990,1,0,0,3,103
1990,08/28/1990,5,350,29,16.4,600
1990,09/07/1990,1,0,0,3,50
1990,10/03/1990,1,0,0,0.5,100
1990,10/03/1990,1,0,0,3,50
1990,10/03/1990,2,0,0,1,100
1990,11/26/1990,0,0,0,0.5,50
1990,11/26/1990,0,0,0,0.5,50
1990,11/27/1990,2,0,0,6,100
1990,11/27/1990,1,0,0,5,100
1990,11/27/1990,1,0,0,0.5,50
1990,11/27/1990,2,2,0,1,200
1990,11/27/1990,1,0,0,0.5,400
1991,03/22/1991,1,0,0,9,100
1991,03/22/1991,1,0,0,1,50
1991,03/27/1991,0,0,0,3,50
1991,03/27/1991,3,7,0,15,200
1991,03/27/1991,1,0,0,0.5,50
1991,03/27/1991,0,0,0,0.5,50
1991,04/23/1991,1,0,0,0.1,100
1991,04/29/1991,1,0,0,10,100
1991,04/29/1991,0,0,0,3,100
1991,04/29/1991,0,0,0,0.2,100
1991,04/29/1991,0,0,0,0.1,100
1991,04/29/1991,1,0,0,0.2,200
1991,04/29/1991,0,0,0,0.2,50
1991,04/29/1991,0,0,0,0.1,20
1991,05/05/1991,1,0,0,0.5,50
1991,05/05/1991,0,0,0,0.5,50
1991,05/10/1991,0,0,0,0.1,50
1991,05/11/1991,0,0,0,0.1,350
1991,05/14/1991,0,0,0,0.1,20
1991,05/14/1991,0,0,0,0.1,20
1991,05/16/1991,0,0,0,0.2,50
1991,05/17/1991,0,0,0,1,50
1991,05/18/1991,0,0,0,0.7,33
1991,05/22/1991,0,0,0,0.2,50
1991,05/25/1991,0,0,0,0.1,50
1991,05/31/1991,1,0,0,0.5,100
1991,05/31/1991,0,0,0,0.2,50
1991,08/03/1991,1,0,0,0.5,1733
1991,10/04/1991,1,0,0,0.4,20
1991,10/04/1991,1,0,0,0.1,10
1991,11/19/1991,3,16,0,1.5,70
1991,12/08/1991,0,0,0,8,50
1992,03/06/1992,0,0,0,0.2,10
1992,04/10/1992,0,0,0,0.1,50
1992,04/15/1992,0,0,0,1,50
1992,05/04/1992,0,0,0,0.1,30
1992,05/04/1992,0,0,0,0.1,30
1992,05/04/1992,0,0,0,0.1,10
1992,06/17/1992,0,0,0,0.1,30
1992,06/17/1992,0,0,0,0.5,40
1992,06/17/1992,2,1,0,0.1,20
1992,06/17/1992,1,0,0,0.1,20
1992,06/17/1992,0,1,0,0.1,10
1992,06/19/1992,0,0,0,0.2,40
1992,07/02/1992,0,0,0,0.1,250
1992,07/02/1992,0,0,0,0.8,300
1992,07/02/1992,0,0,0,0.2,350
1992,07/02/1992,0,0,0,0.1,250
1992,07/04/1992,1,0,0,6,500
1992,07/25/1992,0,0,0,7,1000
1992,07/25/1992,0,0,0,3,500
1992,07/30/1992,0,0,0,0.1,100
1992,07/30/1992,0,0,0,0.1,33
1992,08/26/1992,0,0,0,0.1,10
1992,09/09/1992,0,0,0,0.2,10
1993,05/11/1993,1,0,0,0.5,20
1993,05/23/1993,1,0,0,0.2,20
1993,06/04/1993,0,0,0,3,50
1993,06/08/1993,1,0,0,5,100
1993,06/08/1993,0,0,0,0.4,30
1993,06/08/1993,0,0,0,3,23
1993,06/08/1993,0,0,0,0.1,10
1993,06/08/1993,0,0,0,0.1,10
1993,06/08/1993,0,0,0,0.1,10
1993,06/08/1993,0,0,0,0.1,10
1993,06/08/1993,0,0,0,0.1,10
1993,06/08/1993,0,0,0,0.2,20
1993,06/08/1993,0,0,0,1,30
1993,06/09/1993,0,0,0,0.5,20
1993,06/19/1993,3,0,0,1,300
1993,06/24/1993,0,0,0,0.1,10
1993,06/24/1993,0,0,0,0.1,10
1993,06/24/1993,1,0,0,0.2,20
1993,06/26/1993,0,0,0,0.2,20
1993,07/02/1993,0,0,0,0.5,20
1993,07/02/1993,0,0,0,0.2,20
1993,07/02/1993,0,0,0,0.4,33
1993,07/08/1993,2,0,0,0.3,30
1993,07/08/1993,1,0,0,0.1,23
1993,08/15/1993,1,0,0,0.2,20
1993,08/15/1993,2,0,0,0.2,20
1993,08/16/1993,1,0,0,0.5,50
1993,08/16/1993,0,0,0,0.1,10
1993,08/16/1993,0,0,0,0.1,10
1993,08/16/1993,0,0,0,0.1,10
1993,08/19/1993,0,0,0,0.1,10
1993,08/19/1993,0,0,0,0.1,33
1993,08/23/1993,1,0,0,0.2,10
1993,09/20/1993,0,0,0,0.2,20
1994,04/15/1994,0,0,0,2.5,40
1994,04/15/1994,1,0,0,2.5,60
1994,04/26/1994,0,0,0,1,100
1994,04/26/1994,1,0,0,3,130
1994,04/26/1994,1,0,0,2,20
1994,04/26/1994,1,0,0,1,20
1994,04/26/1994,0,0,0,3,20
1994,04/26/1994,1,0,0,1,20
1994,04/26/1994,2,3,0,6,50
1994,04/26/1994,0,0,0,0.3,50
1994,04/26/1994,0,0,0,0.1,20
1994,04/27/1994,1,1,0,1,23
1994,04/28/1994,0,0,0,8,60
1994,04/28/1994,0,0,0,0.3,33
1994,05/14/1994,0,0,0,0.1,10
1994,06/26/1994,0,0,0,0.2,20
1994,07/20/1994,0,0,0,0.3,20
1994,07/20/1994,0,0,0,0.3,20
1994,08/08/1994,0,0,0,0.2,10
1994,08/08/1994,0,0,0,0.2,10
1994,08/08/1994,0,0,0,0.2,10
1995,04/18/1995,1,0,0,0.5,30
1995,05/09/1995,0,0,0,0.1,10
1995,05/09/1995,0,0,0,0.1,10
1995,05/09/1995,1,0,0,3,50
1995,05/09/1995,3,6,0,50,880
1995,05/09/1995,0,0,0,5,73
1995,05/09/1995,0,0,0,0.1,10
1995,05/09/1995,0,0,0,3,220
1995,05/09/1995,0,0,0,0.1,73
1995,05/09/1995,3,0,0,22,300
1995,05/09/1995,1,2,0,4,220
1995,05/09/1995,0,0,0,0.5,50
1995,05/09/1995,0,0,0,0.2,40
1995,05/09/1995,0,0,0,1,73
1995,05/09/1995,0,0,0,0.2,40
1995,05/09/1995,1,0,0,13,220
1995,05/09/1995,1,0,0,0.7,70
1995,05/09/1995,1,0,0,0.1,10
1995,05/09/1995,0,0,0,2,220
1995,05/09/1995,1,0,0,3,220
1995,05/09/1995,0,0,0,1,220
1995,05/09/1995,1,0,0,5,40
1995,05/10/1995,0,0,0,0.5,10
1995,05/13/1995,4,7,0,50,1000
1995,05/13/1995,2,2,0,14,880
1995,05/13/1995,4,45,0,7,880
1995,05/13/1995,3,25,0,25,880
1995,05/13/1995,1,0,0,7,220
1995,05/13/1995,0,0,0,0.1,10
1995,05/13/1995,0,0,0,0.1,10
1995,05/13/1995,0,0,0,0.1,10
1995,05/13/1995,1,0,0,4,220
1995,05/13/1995,0,0,0,1,30
1995,05/18/1995,1,0,0,0.6,83
1995,05/18/1995,2,0,0,4,300
1995,05/18/1995,1,0,0,4.5,100
1995,05/18/1995,1,0,0,6,200
1995,05/18/1995,2,0,0,4.2,170
1995,05/18/1995,0,0,0,0.4,73
1995,05/18/1995,1,0,0,4.8,150
1995,05/18/1995,0,0,0,8,120
1995,05/18/1995,0,0,0,6,70
1995,05/18/1995,0,0,0,3.5,50
1995,05/18/1995,0,0,0,7.5,60
1995,05/18/1995,1,0,0,18,200
1995,05/18/1995,0,0,0,0.3,40
1995,05/18/1995,1,0,0,0.5,50
1995,05/27/1995,1,0,0,8,120
1995,05/27/1995,0,0,0,0.1,50
1995,05/27/1995,0,0,0,0.1,10
1995,05/27/1995,0,0,0,0.1,10
1995,05/27/1995,0,0,0,0.1,50
1995,05/27/1995,0,0,0,0.5,50
1995,05/27/1995,0,0,0,0.1,10
1995,05/27/1995,0,0,0,0.1,10
1995,05/27/1995,0,0,0,0.1,50
1995,06/02/1995,0,0,0,0.1,10
1995,06/26/1995,1,0,0,0.1,10
1995,06/26/1995,0,0,0,0.1,10
1995,06/27/1995,1,0,0,0.5,20
1995,07/25/1995,0,0,0,2.2,123
1995,07/27/1995,0,0,0,0.1,10
1995,07/27/1995,0,0,0,0.1,10
1995,07/27/1995,2,0,0,3,400
1995,07/27/1995,0,0,0,0.1,10
1995,07/27/1995,0,0,0,0.1,10
1995,07/27/1995,0,0,0,0.2,20
1995,07/27/1995,0,0,0,0.1,10
1995,07/27/1995,0,0,0,0.1,10
1995,07/27/1995,0,0,0,0.1,10
1995,07/27/1995,0,0,0,0.1,10
1995,07/27/1995,0,0,0,0.1,10
1995,07/27/1995,0,0,0,0.1,10
1995,07/27/1995,0,0,0,0.1,10
1995,07/27/1995,0,0,0,0.1,10
1995,08/09/1995,0,0,0,0.2,20
1995,08/19/1995,0,0,0,0.2,23
1996,02/26/1996,0,0,0,0.3,75
1996,04/18/1996,1,9,0,2.5,220
1996,04/19/1996,0,0,0,0.1,100
1996,04/19/1996,0,0,0,0.1,100
1996,04/19/1996,1,0,0,2,440
1996,04/19/1996,0,0,0,1,220
1996,04/19/1996,1,0,0,0.5,50
1996,04/19/1996,0,0,0,2,100
1996,04/19/1996,0,0,0,1,50
1996,04/19/1996,0,0,0,5,50
1996,04/19/1996,2,1,0,9,250
1996,04/19/1996,1,0,0,3.5,100
1996,04/19/1996,0,0,0,4,100
1996,04/19/1996,1,0,0,9,250
1996,04/19/1996,2,1,0,6,880
1996,04/19/1996,0,0,0,1.5,50
1996,04/19/1996,0,0,0,4,20
1996,04/19/1996,0,0,0,0.1,100
1996,04/19/1996,0,0,0,4,330
1996,04/19/1996,3,0,0,9.4,880
1996,04/19/1996,0,0,0,1.5,60
1996,04/19/1996,1,4,0,3.5,100
1996,04/19/1996,0,0,0,5,20
1996,04/19/1996,3,29,0,14.5,440
1996,04/19/1996,2,7,0,20,150
1996,04/19/1996,0,0,0,0.1,10
1996,04/19/1996,1,0,0,0.3,50
1996,04/19/1996,0,0,0,2,70
1996,04/19/1996,1,1,0,2,300
1996,04/19/1996,1,0,0,3,50
1996,04/19/1996,0,0,0,2,50
1996,04/19/1996,0,0,0,3,70
1996,04/19/1996,0,0,0,2,50
1996,04/19/1996,1,0,0,2.5,100
1996,04/19/1996,1,0,0,11.5,80
1996,04/19/1996,3,12,0,4,220
1996,04/19/1996,3,13,1,2,1500
1996,04/19/1996,0,0,0,0.1,100
1996,04/19/1996,3,0,0,17,400
1996,04/19/1996,1,0,0,1,100
1996,04/19/1996,2,2,0,2,100
1996,05/08/1996,0,0,0,15.8,40
1996,05/09/1996,0,0,0,0.1,25
1996,05/09/1996,0,0,0,0.2,25
1996,05/10/1996,1,0,0,2,100
1996,05/19/1996,1,0,0,0.8,50
1996,05/25/1996,1,0,0,8,100
1996,05/25/1996,0,0,0,1,50
1996,05/27/1996,0,0,0,1,50
1996,05/27/1996,0,0,0,0.5,50
1996,05/27/1996,0,0,0,2.5,40
1996,05/28/1996,0,0,0,0.3,40
1996,06/06/1996,0,0,0,2,20
1996,06/06/1996,0,0,0,0.5,200
1996,06/06/1996,0,0,0,8.5,50
1996,06/10/1996,0,0,0,0.1,25
1996,07/17/1996,0,0,0,0.3,20
1996,07/28/1996,0,0,0,0.1,50
1996,08/18/1996,0,0,0,0.1,10
1996,08/18/1996,0,0,0,0.1,10
1996,10/17/1996,0,1,0,2.5,50
1996,12/23/1996,1,0,0,2,70
1997,04/05/1997,0,0,0,1.5,50
1997,04/30/1997,0,0,0,1,50
1997,04/30/1997,0,0,0,8,50
1997,04/30/1997,0,0,0,13,50
1997,04/30/1997,0,0,0,1,20
1997,04/30/1997,0,0,0,12,10
1997,04/30/1997,1,0,0,2,20
1997,04/30/1997,0,0,0,17,10
1997,04/30/1997,0,0,0,1,10
1997,04/30/1997,1,2,0,7,100
1997,04/30/1997,0,0,0,7,50
1997,04/30/1997,0,0,0,0.1,23
1997,04/30/1997,0,0,0,24,50
1997,04/30/1997,0,1,0,0.5,50
1997,04/30/1997,0,0,0,2,10
1997,04/30/1997,0,0,0,1,50
1997,04/30/1997,1,0,0,0.1,20
1997,04/30/1997,0,0,0,0.1,50
1997,04/30/1997,0,0,0,14.5,50
1997,04/30/1997,0,0,0,0.1,50
1997,05/18/1997,2,0,0,6,73
1997,05/18/1997,0,0,0,0.1,10
1997,05/18/1997,0,0,0,0.1,10
1997,05/18/1997,0,0,0,0.1,50
1997,05/25/1997,0,0,0,0.1,10
1997,06/11/1997,0,0,0,1,30
1997,07/18/1997,1,0,0,3,150
1997,07/18/1997,1,2,0,2,150
1997,07/19/1997,0,0,0,0.1,10
1997,07/27/1997,0,0,0,0.1,10
1997,08/03/1997,0,0,0,0.2,50
1997,08/03/1997,0,0,0,0.1,10
1998,03/28/1998,2,3,0,1.5,220
1998,04/07/1998,0,0,0,0.1,30
1998,04/07/1998,0,0,0,0.3,50
1998,04/07/1998,2,0,0,3,70
1998,04/07/1998,1,0,0,0.3,180
1998,04/07/1998,0,0,0,0.1,30
1998,04/07/1998,0,0,0,0.1,30
1998,04/07/1998,0,0,0,0.1,30
1998,04/07/1998,1,0,0,0.5,30
1998,04/07/1998,0,0,0,0.1,30
1998,04/07/1998,1,0,0,0.1,30
1998,04/07/1998,2,0,0,11,30
1998,04/07/1998,0,0,0,0.1,30
1998,04/07/1998,0,0,0,0.1,30
1998,04/07/1998,0,0,0,0.1,30
1998,04/07/1998,0,0,0,0.1,30
1998,04/07/1998,0,0,0,0.1,30
1998,04/07/1998,2,8,0,11,100
1998,04/07/1998,0,0,0,0.1,30
1998,04/07/1998,0,0,0,0.2,30
1998,04/07/1998,0,0,0,0.3,30
1998,04/07/1998,0,0,0,0.1,30
1998,04/07/1998,0,0,0,0.2,30
1998,04/07/1998,0,0,0,0.2,30
1998,04/07/1998,0,0,0,0.1,30
1998,04/07/1998,0,0,0,0.1,30
1998,04/07/1998,0,0,0,0.2,30
1998,04/13/1998,1,0,0,9.5,80
1998,04/13/1998,1,1,0,1,40
1998,04/15/1998,0,0,0,0.1,30
1998,04/15/1998,0,0,0,0.1,30
1998,04/15/1998,0,0,0,0.1,50
1998,04/15/1998,0,0,0,0.2,30
1998,04/15/1998,0,0,0,0.2,30
1998,04/15/1998,0,0,0,1,50
1998,04/15/1998,0,0,0,16,50
1998,04/15/1998,1,0,0,2,50
1998,04/15/1998,2,1,0,5.5,250
1998,04/15/1998,2,0,0,4,300
1998,04/15/1998,1,0,0,9,250
1998,04/15/1998,2,8,0,9.5,150
1998,04/15/1998,2,0,0,16,130
1998,04/15/1998,0,0,0,0.3,30
1998,04/15/1998,0,0,0,0.4,30
1998,04/29/1998,0,0,0,3,40
1998,04/30/1998,0,0,0,0.2,30
1998,04/30/1998,0,0,0,0.1,30
1998,05/02/1998,0,0,0,0.1,30
1998,05/02/1998,0,0,0,0.1,30
1998,05/03/1998,0,0,0,0.2,40
1998,05/12/1998,0,0,0,0.1,30
1998,05/12/1998,0,0,0,0.1,30
1998,05/12/1998,0,0,0,0.1,30
1998,05/12/1998,1,0,0,1,200
1998,05/12/1998,0,0,0,0.1,30
1998,05/12/1998,0,0,0,0.1,30
1998,05/12/1998,0,0,0,0.1,50
1998,05/15/1998,0,0,0,1,30
1998,05/15/1998,0,0,0,0.8,150
1998,05/19/1998,0,0,0,0.3,40
1998,05/19/1998,0,0,0,0.2,30
1998,05/19/1998,0,0,0,0.1,30
1998,05/19/1998,0,0,0,0.1,30
1998,05/19/1998,0,0,0,0.5,30
1998,05/28/1998,0,0,0,0.1,30
1998,05/28/1998,0,0,0,0.1,30
1998,06/12/1998,1,0,0,2.5,100
1998,06/12/1998,0,0,0,0.3,30
1998,06/12/1998,1,0,0,2,100
1998,06/14/1998,1,1,0,3,80
1998,06/14/1998,1,0,0,1.2,80
1998,06/14/1998,0,0,0,0.1,30
1998,06/14/1998,0,0,0,0.3,30
1998,06/14/1998,0,0,0,0.1,30
1998,06/14/1998,0,0,0,1,100
1998,06/14/1998,1,4,0,5.5,150
1998,06/14/1998,0,0,0,0.1,30
1998,06/14/1998,0,0,0,0.1,30
1998,06/14/1998,0,0,0,0.1,30
1998,06/18/1998,2,0,0,6,880
1998,06/18/1998,0,0,0,0.1,30
1998,06/18/1998,0,0,0,0.1,30
1998,06/18/1998,0,0,0,0.5,30
1998,06/22/1998,0,0,0,0.5,40
1998,06/25/1998,0,0,0,0.5,30
1998,06/29/1998,1,0,0,1,30
1998,06/29/1998,0,0,0,1,30
1998,06/29/1998,1,0,0,5,400
1998,06/29/1998,1,1,0,3,200
1998,06/29/1998,1,0,0,1.5,100
1998,06/29/1998,1,0,0,1,100
1998,06/29/1998,1,0,0,8.5,100
1998,06/29/1998,0,0,0,0.1,30
1998,06/29/1998,0,0,0,0.5,40
1998,06/29/1998,0,0,0,0.6,30
1998,06/29/1998,1,0,0,0.2,80
1998,08/24/1998,1,0,0,0.5,50
1998,11/10/1998,0,0,0,0.2,30
1998,12/06/1998,0,0,0,2,200
1999,01/21/1999,2,0,0,8,300
1999,01/21/1999,0,0,0,0.3,30
1999,01/22/1999,2,0,0,1.5,150
1999,02/11/1999,2,0,0,14.7,0
1999,02/11/1999,1,0,0,3,50
1999,02/11/1999,1,0,0,1.4,50
1999,02/27/1999,0,0,0,0.2,50
1999,04/05/1999,0,1,0,0.2,40
1999,04/05/1999,2,0,0,9.4,100
1999,04/08/1999,3,0,0,7.5,200
1999,04/08/1999,0,0,0,20,10
1999,04/08/1999,2,0,0,26.8,120
1999,04/08/1999,1,0,0,4,120
1999,04/08/1999,1,0,0,9.5,200
1999,04/08/1999,1,6,1,9.3,333
1999,04/08/1999,1,1,0,1,0
1999,04/08/1999,1,3,1,3.5,100
1999,04/08/1999,0,0,0,0.3,0
1999,04/22/1999,0,0,0,0.1,10
1999,04/22/1999,0,0,0,0.2,10
1999,05/05/1999,1,4,0,0.2,0
1999,05/12/1999,0,0,0,1,20
1999,05/12/1999,0,0,0,0.1,10
1999,05/12/1999,0,0,0,0.1,10
1999,05/16/1999,0,0,0,0.1,10
1999,06/01/1999,0,0,0,5,400
1999,06/01/1999,1,0,0,3.8,0
1999,06/01/1999,0,0,0,0.1,10
1999,06/01/1999,3,4,1,10,200
1999,06/01/1999,1,0,0,12.6,0
1999,06/01/1999,1,0,0,0.5,50
1999,06/01/1999,2,0,0,10,150
1999,06/01/1999,2,4,0,15.5,450
1999,06/01/1999,0,0,0,0.2,10
1999,06/01/1999,0,0,0,0.2,10
1999,06/01/1999,0,0,0,0.5,20
1999,06/01/1999,0,0,0,6,50
1999,06/04/1999,0,0,0,0.3,20
1999,06/04/1999,1,0,0,2.5,200
1999,06/04/1999,0,0,0,0.1,10
1999,06/04/1999,0,0,0,0.1,20
1999,06/04/1999,0,0,0,0.1,20
1999,06/04/1999,0,2,0,2.5,100
1999,06/04/1999,0,0,0,0.1,20
1999,06/04/1999,0,0,0,0.1,20
1999,06/04/1999,0,0,0,3.5,20
1999,06/04/1999,0,0,0,0.1,20
1999,06/04/1999,0,0,0,2,20
1999,06/04/1999,0,0,0,0.1,20
1999,06/04/1999,0,0,0,0.1,20
1999,06/04/1999,0,0,0,0.1,20
1999,06/04/1999,0,0,0,0.1,20
1999,06/04/1999,0,0,0,3.5,20
1999,06/04/1999,0,0,0,0.1,20
1999,06/04/1999,0,0,0,0.1,20
1999,06/04/1999,0,0,0,0.2,30
1999,06/04/1999,0,0,0,0.1,20
1999,06/04/1999,0,0,0,0.1,20
1999,06/06/1999,0,0,0,0.1,10
1999,06/06/1999,0,0,0,0.1,10
1999,06/12/1999,0,0,0,0.1,10
1999,06/12/1999,0,0,0,0.2,30
1999,08/12/1999,1,0,0,0.5,0
1999,08/12/1999,0,0,0,0.1,50
2000,04/20/2000,1,0,0,1,30
2000,04/20/2000,0,0,0,0.2,10
2000,04/20/2000,0,0,0,0.3,20
2000,04/20/2000,1,0,0,0.3,300
2000,04/20/2000,1,0,0,2.3,150
2000,04/20/2000,0,0,0,3.5,30
2000,05/08/2000,0,0,0,0.1,10
2000,05/08/2000,1,0,0,0.5,100
2000,05/08/2000,2,4,0,4,400
2000,05/12/2000,0,0,0,0.3,20
2000,05/12/2000,0,0,0,2,50
2000,05/12/2000,0,0,0,7,20
2000,05/12/2000,1,0,0,9,50
2000,05/12/2000,2,0,0,1.5,100
2000,05/12/2000,0,0,0,1.5,40
2000,05/18/2000,0,0,0,0.1,10
2000,05/18/2000,0,0,0,0.1,10
2000,05/18/2000,0,0,0,0.1,10
2000,05/18/2000,0,0,0,0.1,10
2000,05/18/2000,0,0,0,0.1,10
2000,05/18/2000,0,0,0,0.1,10
2000,05/18/2000,0,0,0,3,100
2000,05/18/2000,0,1,0,0.2,20
2000,05/18/2000,0,0,0,0.5,50
2000,05/18/2000,0,0,0,0.5,50
2000,05/18/2000,0,0,0,0.5,50
2000,05/18/2000,0,0,0,0.5,50
2000,05/18/2000,0,0,0,0.5,50
2000,05/18/2000,0,0,0,0.5,50
2000,05/18/2000,0,0,0,0.5,50
2000,05/18/2000,0,0,0,2.5,20
2000,05/18/2000,0,0,0,0.1,20
2000,05/18/2000,0,0,0,0.5,50
2000,05/18/2000,0,0,0,0.1,20
2000,05/18/2000,0,0,0,0.5,50
2000,05/18/2000,0,0,0,0.5,50
2000,05/18/2000,0,0,0,0.1,10
2000,05/26/2000,0,0,0,6.3,60
2000,05/26/2000,0,0,0,4.3,60
2000,05/26/2000,1,0,0,1.5,100
2000,05/31/2000,0,0,0,0.5,30
2000,06/16/2000,0,0,0,1.5,50
2000,06/20/2000,1,1,0,24,300
2000,06/20/2000,0,0,0,10.3,50
2000,06/20/2000,0,0,0,0.3,100
2000,06/20/2000,0,0,0,0.2,150
2000,06/20/2000,0,0,0,2.6,50
2000,06/24/2000,1,2,0,6.2,100
2000,07/18/2000,0,0,0,0.1,40
2000,07/18/2000,0,0,0,0.1,40
2000,07/18/2000,0,0,0,0.1,40
2000,07/31/2000,0,0,0,0.5,50
2000,08/23/2000,1,0,0,0.5,80
2000,09/11/2000,0,0,0,0.5,70
2000,10/05/2000,0,0,0,0.2,30
2001,04/09/2001,0,0,0,0.3,15
2001,04/10/2001,1,1,0,2,100
2001,05/10/2001,0,0,0,0.1,20
2001,05/26/2001,0,0,0,0.2,30
2001,05/31/2001,0,0,0,0.2,50
2001,05/31/2001,0,0,0,0.1,30
2001,07/08/2001,0,0,0,1.5,150
2001,07/08/2001,0,0,0,0.1,20
2001,07/08/2001,0,0,0,0.1,20
2001,07/17/2001,0,0,0,0.1,10
2001,08/18/2001,0,0,0,0.1,25
2001,08/18/2001,0,0,0,0.3,100
2001,08/18/2001,0,0,0,0.1,20
2001,08/18/2001,0,0,0,0.1,5
2001,08/18/2001,0,0,0,0.1,30
2001,08/25/2001,0,0,0,0.1,20
2001,10/24/2001,0,0,0,0.1,20
2001,10/24/2001,2,0,0,1.8,300
2001,10/24/2001,1,2,0,1,100
2001,10/24/2001,1,0,0,2,70
2001,10/24/2001,0,0,0,0.5,50
2002,04/18/2002,0,0,0,0.1,20
2002,04/19/2002,1,0,0,2,40
2002,04/21/2002,3,42,1,31.5,500
2002,04/24/2002,0,0,0,0.1,20
2002,04/27/2002,1,0,0,1.7,100
2002,04/27/2002,1,5,0,5,200
2002,04/28/2002,2,3,0,7.5,200
2002,04/28/2002,3,10,1,19.3,400
2002,04/28/2002,2,2,0,7,400
2002,04/28/2002,3,1,0,22,200
2002,05/01/2002,1,0,0,6,40
2002,05/01/2002,1,0,0,6.5,40
2002,05/01/2002,1,1,0,7.5,40
2002,05/01/2002,0,0,0,2.5,30
2002,05/01/2002,1,0,0,5,40
2002,05/01/2002,1,0,0,2.5,40
2002,05/01/2002,1,0,0,7,40
2002,05/01/2002,1,0,0,6.5,40
2002,05/01/2002,1,0,0,2.5,40
2002,05/01/2002,0,0,0,0.5,75
2002,05/01/2002,0,0,0,0.1,20
2002,05/01/2002,0,0,0,0.3,50
2002,05/01/2002,1,0,0,1,100
2002,05/07/2002,0,0,0,0.1,25
2002,05/08/2002,0,0,0,5.5,50
2002,05/09/2002,1,0,2,0.5,100
2002,05/12/2002,0,0,0,0.1,30
2002,06/04/2002,0,0,0,2,50
2002,06/04/2002,0,0,0,1,50
2002,06/11/2002,0,0,0,0.7,60
2002,06/11/2002,0,0,0,0.3,10
2002,06/11/2002,0,0,0,2.5,50
2002,06/11/2002,0,0,0,0.7,40
2002,06/11/2002,0,0,0,2,50
2002,06/12/2002,0,0,0,1.8,12
2002,11/10/2002,0,0,0,9,100
2002,11/10/2002,0,0,0,0.5,50
2003,03/19/2003,0,0,0,0.1,10
2003,04/04/2003,1,0,0,1,30
2003,04/04/2003,0,0,0,0.1,10
2003,04/04/2003,0,0,0,0.1,10
2003,04/04/2003,0,0,0,0.1,10
2003,04/04/2003,0,0,0,0.3,30
2003,04/04/2003,1,0,0,4,100
2003,04/04/2003,0,0,0,0.1,10
2003,04/25/2003,0,0,0,0.3,30
2003,04/30/2003,1,0,0,0,75
2003,04/30/2003,0,0,0,0.8,20
2003,04/30/2003,1,0,0,0.1,50
2003,04/30/2003,0,0,0,0.5,25
2003,04/30/2003,1,0,0,0.5,75
2003,04/30/2003,0,0,0,0,50
2003,04/30/2003,0,0,0,1,10
2003,05/04/2003,1,0,0,1.4,100
2003,05/04/2003,1,0,0,2.2,50
2003,05/04/2003,1,0,0,1.2,50
2003,05/04/2003,1,0,0,9.8,60
2003,05/04/2003,1,0,0,0.2,40
2003,05/06/2003,1,0,0,4,60
2003,05/06/2003,1,0,0,0.5,60
2003,05/06/2003,0,0,0,0.1,25
2003,05/06/2003,0,0,0,0.3,30
2003,05/06/2003,4,33,2,33,1000
2003,05/06/2003,2,1,0,25,400
2003,05/06/2003,2,1,0,3,400
2003,05/06/2003,0,0,0,0.2,30
2003,05/06/2003,0,0,0,0.2,30
2003,05/06/2003,0,0,0,0.2,30
2003,05/08/2003,0,0,0,0.2,50
2003,05/08/2003,0,0,0,0.1,10
2003,05/09/2003,0,0,0,0.3,20
2003,05/10/2003,0,0,0,0.1,10
2003,05/10/2003,0,0,0,0.2,20
2003,05/10/2003,0,0,0,1,30
2003,05/10/2003,0,0,0,0.3,20
2003,05/10/2003,0,0,0,0.1,10
2003,05/10/2003,0,0,0,0.1,10
2003,05/10/2003,1,0,0,1.5,100
2003,05/10/2003,2,4,0,69.2,300
2003,05/10/2003,2,0,0,30.8,300
2003,05/10/2003,2,0,0,6,150
2003,05/10/2003,0,0,0,8.3,100
2003,05/10/2003,1,0,0,3,400
2003,05/10/2003,0,0,0,2.1,50
2003,05/10/2003,1,0,0,2.7,100
2003,05/10/2003,0,0,0,3.8,50
2003,05/10/2003,0,0,0,25.5,100
2003,05/10/2003,1,0,0,8,150
2003,05/10/2003,2,1,0,2.5,100
2003,05/10/2003,1,0,0,2,100
2003,05/10/2003,3,32,0,17.5,440
2003,05/10/2003,0,0,0,4.1,50
2003,05/10/2003,1,0,0,1.5,100
2003,05/10/2003,2,4,0,12.5,300
2003,05/10/2003,1,0,0,8,200
2003,05/14/2003,0,0,0,1,50
2003,05/14/2003,0,0,0,0.1,10
2003,05/14/2003,0,0,0,0.1,10
2003,05/14/2003,0,0,0,0.1,10
2003,05/14/2003,0,0,0,0.1,10
2003,05/14/2003,0,0,0,0.1,10
2003,05/14/2003,0,0,0,0.1,10
2003,05/14/2003,0,0,0,0.1,10
2003,05/28/2003,1,0,0,3.5,100
2003,05/28/2003,0,0,0,0.1,10
2003,05/28/2003,0,0,0,0.1,10
2003,05/28/2003,0,0,0,1,50
2003,05/28/2003,0,0,0,1,50
2003,05/28/2003,0,0,0,0.1,10
2003,05/28/2003,0,0,0,0.1,10
2003,05/28/2003,0,0,0,1.2,20
2003,05/28/2003,0,0,0,1.5,75
2003,05/28/2003,0,0,0,0.1,10
2003,05/30/2003,0,0,0,0.3,100
2003,05/30/2003,0,0,0,4,100
2003,05/30/2003,0,0,0,4,100
2003,05/30/2003,0,0,0,0.5,50
2003,05/30/2003,0,0,0,2.5,100
2003,05/30/2003,0,0,0,0.1,10
2003,05/30/2003,0,0,0,3.5,100
2003,05/30/2003,2,0,0,7.3,150
2003,05/30/2003,1,0,0,14,100
2003,05/30/2003,1,0,0,1.7,100
2003,05/30/2003,0,0,0,5,50
2003,05/30/2003,1,0,0,5.7,100
2003,05/30/2003,0,0,0,0.3,50
2003,05/30/2003,0,0,0,0.5,50
2003,05/30/2003,0,0,0,0.1,10
2003,05/30/2003,0,0,0,2.5,50
2003,05/30/2003,2,0,0,14,880
2003,05/30/2003,2,4,0,12.8,1100
2003,06/10/2003,0,0,0,3.5,75
2003,06/10/2003,2,2,0,3.5,150
2003,06/10/2003,0,0,0,3,50
2003,06/10/2003,0,0,0,1,50
2003,06/10/2003,0,0,0,1.2,40
2003,06/10/2003,0,0,0,0.5,50
2003,06/10/2003,1,0,0,14,60
2003,06/11/2003,0,0,0,0.1,10
2003,06/11/2003,0,0,0,0.1,10
2003,06/11/2003,0,0,0,0.1,10
2003,06/11/2003,0,0,0,0.2,10
2003,06/11/2003,0,0,0,0.1,10
2003,06/11/2003,0,0,0,0.1,10
2003,06/11/2003,0,0,0,0.1,10
2003,06/11/2003,0,0,0,0.1,10
2003,06/13/2003,0,0,0,0.1,10
2003,06/14/2003,0,0,0,0,50
2003,06/14/2003,0,0,0,0.1,50
2003,06/14/2003,0,0,0,0.1,50
2003,06/14/2003,0,0,0,0.5,50
2003,06/14/2003,0,0,0,0.1,50
2003,06/14/2003,0,0,0,0,50
2003,07/08/2003,0,0,0,0.3,20
2003,07/09/2003,0,0,0,0.1,10
2003,07/27/2003,0,0,0,1,100
2003,08/31/2003,1,0,0,5,100
2003,09/12/2003,0,0,0,0.2,35
2003,09/26/2003,1,0,0,0.8,50
2003,09/26/2003,1,1,0,1.5,250
2004,04/20/2004,1,0,0,3.9,50
2004,04/20/2004,0,0,0,0.1,50
2004,04/20/2004,1,0,0,10.8,440
2004,04/20/2004,0,0,0,2.8,30
2004,04/20/2004,3,12,8,15.8,880
2004,04/20/2004,2,0,0,9,400
2004,04/20/2004,1,0,0,1.5,30
2004,04/20/2004,0,0,0,2,20
2004,04/20/2004,0,0,0,0.5,20
2004,04/20/2004,0,0,0,5,20
2004,04/20/2004,0,0,0,2,20
2004,04/20/2004,2,0,0,3,50
2004,04/20/2004,1,0,0,6,75
2004,04/20/2004,1,0,0,1.6,250
2004,04/20/2004,0,0,0,3,20
2004,04/20/2004,0,0,0,1.5,20
2004,05/02/2004,0,0,0,0.1,10
2004,05/07/2004,0,0,0,0.1,10
2004,05/10/2004,0,0,0,0.2,10
2004,05/10/2004,0,0,0,0.2,10
2004,05/10/2004,0,0,0,0.2,10
2004,05/18/2004,1,0,0,0.3,50
2004,05/18/2004,0,0,0,0.1,10
2004,05/18/2004,0,0,0,0.1,10
2004,05/19/2004,0,0,0,0.1,20
2004,05/23/2004,0,0,0,0.1,10
2004,05/23/2004,2,0,0,13.1,240
2004,05/24/2004,0,0,0,1,40
2004,05/24/2004,1,0,0,5,50
2004,05/24/2004,1,0,0,3,50
2004,05/24/2004,1,1,1,7.3,100
2004,05/24/2004,2,1,0,1.2,100
2004,05/24/2004,1,0,0,0.3,75
2004,05/25/2004,0,0,0,0.5,50
2004,05/30/2004,0,0,0,0.1,10
2004,05/30/2004,1,0,0,2,70
2004,05/30/2004,1,0,0,7,80
2004,05/30/2004,1,0,0,9,75
2004,05/30/2004,0,0,0,0.1,40
2004,05/30/2004,0,3,0,0.1,40
2004,05/30/2004,1,0,0,12,50
2004,05/30/2004,0,0,0,0.2,20
2004,05/30/2004,1,0,0,4.5,70
2004,05/30/2004,1,0,0,3.5,80
2004,05/30/2004,1,0,0,12,75
2004,05/30/2004,1,0,0,4,100
2004,05/30/2004,1,0,0,4.5,70
2004,05/30/2004,1,0,0,18.5,75
2004,05/30/2004,0,0,0,0.2,20
2004,05/30/2004,0,0,0,0.5,50
2004,05/30/2004,0,0,0,1,20
2004,05/30/2004,0,0,0,0.2,50
2004,05/30/2004,0,0,0,0.2,50
2004,06/10/2004,0,0,0,0.7,10
2004,06/10/2004,0,0,0,0.5,10
2004,06/10/2004,1,0,0,3,30
2004,06/10/2004,0,0,0,3.5,10
2004,06/10/2004,1,0,0,0.3,125
2004,06/10/2004,1,0,0,0.3,125
2004,06/10/2004,0,0,0,0.1,10
2004,07/03/2004,0,0,0,0.1,10
2004,07/03/2004,0,0,0,0.1,10
2004,07/05/2004,1,0,0,0.3,30
2004,07/05/2004,0,0,0,0.1,40
2004,07/05/2004,0,0,0,0.1,10
2004,07/13/2004,0,0,0,1,70
2004,07/13/2004,0,0,0,1,70
2004,07/13/2004,4,3,0,9.6,440
2004,07/13/2004,0,0,0,0.1,10
2004,08/24/2004,0,0,0,1.2,50
2004,08/24/2004,0,0,0,2.8,100
2004,08/24/2004,0,0,0,0.1,10
2004,08/24/2004,0,0,0,0.1,10
2004,08/24/2004,0,0,0,0.8,20
2004,08/26/2004,0,0,0,0.1,10
2004,10/18/2004,2,3,0,8.8,250
2004,10/18/2004,2,0,0,14,300
2004,11/01/2004,0,0,0,0.3,40
2004,11/01/2004,0,0,0,0.2,50
2004,11/01/2004,0,0,0,1.5,100
2005,01/13/2005,1,0,0,11,100
2005,03/30/2005,0,0,0,0.1,10
2005,03/30/2005,1,0,0,2,150
2005,04/12/2005,0,0,0,0.1,40
2005,04/12/2005,0,0,0,4.4,50
2005,04/22/2005,0,0,0,0.1,10
2005,04/22/2005,0,0,0,0.1,40
2005,05/11/2005,0,0,0,0.2,50
2005,06/08/2005,0,0,0,2,25
2005,06/08/2005,0,0,0,0.1,10
2005,06/13/2005,0,0,0,0.5,40
2005,06/13/2005,0,0,0,1.5,40
2005,06/13/2005,0,0,0,1,50
2005,06/13/2005,1,0,0,3,70
2005,06/13/2005,1,0,0,2.5,60
2005,09/19/2005,1,0,0,1,50
2005,11/15/2005,0,0,0,0.2,50
2005,11/15/2005,0,0,0,0.1,50
2005,11/15/2005,1,0,0,5,100
2005,11/15/2005,1,0,0,10,40
2005,11/15/2005,0,0,0,0.2,50
2006,01/02/2006,1,0,0,0.1,35
2006,02/16/2006,1,0,0,0.1,25
2006,03/11/2006,0,0,0,0.1,40
2006,03/11/2006,0,0,0,0.1,50
2006,03/11/2006,1,0,0,2.4,100
2006,03/11/2006,2,0,0,2,100
2006,03/11/2006,1,0,0,1,600
2006,03/12/2006,0,0,0,0.9,50
2006,03/12/2006,2,20,0,67,880
2006,03/12/2006,1,2,0,3.5,100
2006,03/12/2006,1,0,0,11.8,75
2006,03/12/2006,0,0,0,0,0
2006,03/12/2006,1,0,0,12,440
2006,03/12/2006,2,0,0,4,400
2006,03/12/2006,2,4,0,12.5,200
2006,03/12/2006,2,0,0,2.5,400
2006,03/12/2006,2,0,0,3.5,200
2006,03/12/2006,1,0,0,10,400
2006,03/12/2006,1,0,0,8,600
2006,03/12/2006,0,0,0,2,30
2006,03/13/2006,0,0,0,6,50
2006,03/30/2006,1,0,0,4.5,200
2006,03/30/2006,1,0,0,2.7,250
2006,04/02/2006,2,11,1,7,100
2006,04/02/2006,0,0,0,2,30
2006,04/02/2006,0,0,0,0.5,30
2006,04/02/2006,0,0,0,0,25
2006,04/02/2006,1,0,0,12,233
2006,04/02/2006,0,0,0,16,50
2006,04/02/2006,1,0,0,2,100
2006,04/02/2006,0,0,0,0.1,20
2006,04/02/2006,0,0,0,1,50
2006,04/02/2006,1,0,0,0.5,200
2006,04/02/2006,1,0,0,2,100
2006,04/02/2006,2,0,0,20,200
2006,04/02/2006,1,0,0,1,100
2006,04/02/2006,1,0,0,2.2,100
2006,04/02/2006,1,0,0,1,100
2006,04/02/2006,0,0,0,1.3,50
2006,04/02/2006,1,0,0,0.8,50
2006,04/02/2006,1,1,0,6.3,300
2006,04/02/2006,1,1,0,1.5,100
2006,04/02/2006,1,0,0,6,150
2006,04/02/2006,0,0,0,0.1,50
2006,04/02/2006,1,0,0,1,100
2006,04/02/2006,0,0,0,0.3,40
2006,04/02/2006,0,0,0,0.1,30
2006,04/02/2006,2,0,0,4.5,300
2006,04/02/2006,0,0,0,1,80
2006,04/02/2006,0,0,0,2.5,50
2006,04/02/2006,1,3,0,7.5,150
2006,04/02/2006,0,0,0,0.8,100
2006,04/02/2006,0,0,0,0.1,30
2006,04/02/2006,0,0,0,0.1,30
2006,04/02/2006,0,0,0,0.5,50
2006,04/02/2006,1,0,0,1,50
2006,04/02/2006,0,0,0,0.1,30
2006,04/02/2006,0,0,0,2.6,50
2006,04/02/2006,0,0,0,0.3,50
2006,04/13/2006,0,0,0,2.7,220
2006,04/13/2006,1,0,0,13,880
2006,04/13/2006,1,0,0,1.5,100
2006,04/13/2006,2,0,0,2,50
2006,04/13/2006,1,0,0,0.8,200
2006,04/13/2006,0,0,0,0.1,100
2006,04/13/2006,0,0,0,3.8,125
2006,04/14/2006,0,0,0,0.5,25
2006,04/16/2006,1,0,0,1,100
2006,04/16/2006,0,0,0,0.1,30
2006,04/16/2006,0,0,0,0.1,30
2006,04/16/2006,0,0,0,0.1,30
2006,04/16/2006,0,0,0,0.5,40
2006,04/16/2006,2,0,0,4,200
2006,04/16/2006,1,0,0,5,150
2006,04/16/2006,2,0,0,1.5,150
2006,04/16/2006,0,0,0,1,50
2006,04/16/2006,0,0,0,0.5,25
2006,04/16/2006,0,0,0,0.1,30
2006,04/16/2006,0,0,0,0.5,25
2006,04/16/2006,0,0,0,0.5,25
2006,04/16/2006,1,0,0,0.1,75
2006,04/18/2006,0,2,0,0.1,50
2006,04/30/2006,0,0,0,0.7,50
2006,05/10/2006,0,0,0,2.5,50
2006,05/24/2006,1,0,0,3.8,150
2006,05/24/2006,0,0,0,0.2,50
2006,05/24/2006,1,0,0,1.5,50
2006,05/24/2006,0,0,0,0.2,50
2006,05/24/2006,0,0,0,1.3,100
2006,05/24/2006,0,0,0,1.2,75
2006,05/24/2006,0,0,0,1.3,100
2006,05/31/2006,0,0,0,1.2,50
2006,05/31/2006,0,0,0,0.4,30
2006,05/31/2006,0,0,0,0.4,50
2006,05/31/2006,0,0,0,0.6,50
2006,05/31/2006,0,0,0,1,50
2006,05/31/2006,0,0,0,0.6,50
2006,05/31/2006,0,0,0,0.6,50
2006,05/31/2006,0,0,0,0.1,30
2006,05/31/2006,0,0,0,0.4,50
2006,06/02/2006,0,0,0,0.2,30
2006,06/22/2006,0,0,0,0.1,30
2006,07/12/2006,0,0,0,0.1,10
2006,07/19/2006,0,0,0,0.2,20
2006,07/19/2006,0,0,0,0.2,20
2006,07/21/2006,0,0,0,4,50
2006,07/21/2006,0,0,0,5.5,50
2006,07/21/2006,0,0,0,6,60
2006,07/21/2006,1,0,0,2.5,60
2006,07/21/2006,0,0,0,7,100
2006,07/26/2006,0,0,0,0.1,30
2006,07/26/2006,0,0,0,0.1,30
2006,07/26/2006,1,0,0,2.8,50
2006,07/26/2006,0,0,0,0.1,20
2006,07/26/2006,0,0,0,0.1,20
2006,07/26/2006,0,0,0,0.1,30
2006,07/26/2006,0,0,0,0.1,30
2006,07/26/2006,0,0,0,0.1,30
2006,09/22/2006,3,2,0,3.5,125
2006,09/22/2006,1,0,0,2.3,300
2006,09/22/2006,1,0,0,9.3,500
2006,09/22/2006,2,1,0,19.5,225
2006,09/22/2006,0,0,0,0.1,20
2006,09/22/2006,0,0,0,0.1,20
2006,09/22/2006,0,0,0,0.3,50
2007,03/01/2007,0,0,0,1.8,150
2007,03/01/2007,0,1,0,1,30
2007,03/28/2007,0,0,0,0.1,10
2007,03/28/2007,0,0,0,0.1,10
2007,04/25/2007,0,0,0,0.1,10
2007,04/26/2007,0,0,0,3.2,5
2007,05/04/2007,0,0,0,0.01,40
2007,05/04/2007,0,0,0,0.02,40
2007,05/04/2007,0,0,0,0.01,40
2007,05/16/2007,0,0,0,0.5,15
2007,05/25/2007,0,0,0,2.5,30
2007,06/01/2007,0,0,0,0.01,350
2007,06/01/2007,0,0,0,0.5,10
2007,06/02/2007,0,0,0,0.1,25
2007,06/03/2007,0,0,0,0.4,10
2007,08/05/2007,0,0,0,0.35,50
2007,08/23/2007,1,0,0,2.67,500
2007,09/06/2007,0,0,0,0.9,50
2007,09/06/2007,0,0,0,0.1,10
2007,09/30/2007,0,0,0,0.1,30
2007,09/30/2007,0,2,0,2,40
2007,10/02/2007,0,0,0,0.04,40
2007,10/18/2007,0,0,0,0.1,20
2008,01/07/2008,3,5,0,13.2,100
2008,01/07/2008,1,0,0,3,100
2008,01/07/2008,0,0,0,2.35,40
2008,01/29/2008,1,0,0,1.65,100
2008,02/05/2008,0,0,0,0.22,30
2008,02/05/2008,0,0,0,0.11,40
2008,03/31/2008,0,0,0,1.78,30
2008,04/10/2008,0,0,0,9.13,50
2008,04/10/2008,1,0,0,1.6,150
2008,04/10/2008,0,0,0,0.2,50
2008,04/10/2008,0,0,0,0.75,75
2008,05/25/2008,0,0,0,0.21,20
2008,05/27/2008,0,0,0,0.1,10
2008,05/30/2008,1,0,0,1.42,50
2008,05/30/2008,0,0,0,3.91,40
2008,05/30/2008,1,0,0,4.78,100
2008,05/30/2008,0,0,0,0.01,10
2008,05/30/2008,0,0,0,1.14,30
2008,06/03/2008,0,0,0,0.06,50
2008,06/03/2008,0,0,0,6.7,75
2008,06/04/2008,0,0,0,0.6,50
2008,06/04/2008,0,0,0,1.47,50
2008,06/04/2008,0,0,0,0.7,25
2008,06/04/2008,1,0,0,3.42,200
2008,06/04/2008,0,0,0,1.5,30
2008,06/04/2008,0,0,0,6.14,150
2008,06/06/2008,1,0,0,5,200
2008,06/07/2008,0,0,0,0.91,20
2008,06/07/2008,1,0,0,3.59,40
2008,06/07/2008,2,0,0,14.52,200
2008,06/07/2008,2,0,0,2.16,400
2008,06/07/2008,2,0,0,3.66,150
2008,06/07/2008,2,6,0,6.52,150
2008,06/07/2008,1,0,0,1.97,75
2008,06/07/2008,0,0,0,0.44,50
2008,06/12/2008,0,0,0,0.01,25
2008,06/12/2008,1,0,0,6.2,150
2008,06/15/2008,0,0,0,0.8,20
2008,06/27/2008,0,0,0,1.47,40
2008,06/27/2008,0,0,0,0.2,30
2008,07/08/2008,0,0,0,4.02,50
2008,07/21/2008,1,0,0,2,100
2008,08/04/2008,1,0,0,0.55,40
2008,08/04/2008,1,0,0,1.11,50
2008,08/04/2008,1,0,0,0.8,50
2008,08/04/2008,0,0,0,0.3,30
2008,12/27/2008,1,0,0,0.93,50
2008,12/27/2008,0,0,0,0.73,30
2008,12/27/2008,0,0,0,0.3,50
2009,03/08/2009,2,0,0,0.98,100
2009,03/08/2009,0,0,0,3.67,40
2009,03/08/2009,1,0,0,4.81,352
2009,03/08/2009,1,0,0,0.79,75
2009,03/08/2009,1,1,0,2.35,100
2009,03/08/2009,1,0,0,4.21,75
2009,03/08/2009,1,2,0,5.13,200
2009,03/08/2009,0,0,0,3.58,50
2009,03/08/2009,2,0,0,4.29,200
2009,03/08/2009,0,0,0,2.33,50
2009,03/08/2009,0,0,0,1.42,40
2009,03/08/2009,1,0,0,2.27,150
2009,03/08/2009,0,0,0,4.24,100
2009,03/08/2009,1,1,0,14.44,50
2009,03/08/2009,2,0,0,5.64,100
2009,03/08/2009,0,0,0,0.5,100
2009,03/08/2009,1,1,0,4.24,100
2009,03/08/2009,1,1,0,4.44,100
2009,03/08/2009,1,0,0,0.74,80
2009,03/08/2009,1,0,0,0.51,120
2009,05/08/2009,1,0,0,3.11,100
2009,05/08/2009,0,0,0,0.36,30
2009,05/08/2009,0,0,0,0.14,40
2009,05/08/2009,0,0,0,0.29,40
2009,05/08/2009,1,0,0,5.51,150
2009,05/08/2009,0,0,0,0.52,25
2009,05/13/2009,0,0,0,1.65,40
2009,05/13/2009,1,0,0,0.81,60
2009,05/13/2009,0,0,0,0.57,40
2009,05/13/2009,0,0,0,1.39,50
2009,05/13/2009,0,0,0,0.06,50
2009,06/01/2009,0,0,0,0.33,200
2009,06/02/2009,0,0,0,3.04,50
2009,06/08/2009,2,0,0,11.79,176
2009,06/08/2009,0,0,0,0.44,100
2009,06/08/2009,1,0,0,4.82,300
2009,06/19/2009,0,0,0,0.1,10
2009,06/19/2009,0,0,0,0.1,10
2009,06/19/2009,1,0,0,0.74,75
2009,07/08/2009,0,0,0,0.1,10
2009,07/08/2009,0,0,0,0.1,10
2009,07/24/2009,1,0,0,1.21,50
2009,07/30/2009,0,0,0,0.25,20
2009,08/19/2009,1,0,0,15.11,250
2009,08/19/2009,2,3,0,19.15,440
2009,08/19/2009,1,0,0,12.93,200
2009,08/19/2009,3,19,0,24.27,880
2009,08/19/2009,0,0,0,2.38,15
2009,08/19/2009,0,0,0,2.48,20
2009,08/19/2009,0,0,0,4.71,50
2009,08/19/2009,1,0,0,1,40
2009,08/19/2009,1,0,0,2.75,50
2009,08/19/2009,0,0,0,0.75,30
2010,04/05/2010,0,0,0,0.18,10
2010,04/07/2010,0,0,0,1.88,50
2010,04/30/2010,2,0,0,7.24,350
2010,04/30/2010,0,0,0,0.11,50
2010,05/21/2010,0,0,0,0.12,10
2010,05/21/2010,0,0,0,0.11,10
2010,05/25/2010,0,0,0,0.65,15
2010,05/26/2010,0,0,0,0.4,30
2010,06/03/2010,0,0,0,0.1,15
2010,06/05/2010,0,0,0,0.09,10
2010,06/05/2010,2,0,0,7.81,50
2010,06/05/2010,2,0,0,10.29,880
2010,06/05/2010,1,0,0,4.86,100
2010,06/05/2010,1,0,0,3.88,75
2010,06/05/2010,0,0,0,0.21,50
2010,06/05/2010,0,0,0,2.02,100
2010,06/05/2010,2,17,0,17.62,800
2010,06/05/2010,0,0,0,0.15,20
2010,06/05/2010,2,0,0,3.08,250
2010,06/05/2010,3,0,0,8.55,440
2010,06/05/2010,2,13,1,5.96,300
2010,06/05/2010,0,0,0,2.35,20
2010,06/05/2010,0,0,0,3.82,20
2010,06/05/2010,1,0,0,0.62,30
2010,06/05/2010,0,0,0,0.39,50
2010,06/05/2010,3,1,0,7.75,175
2010,06/05/2010,1,0,0,0.56,50
2010,06/05/2010,0,0,0,11.83,300
2010,06/21/2010,0,0,0,0.2,20
2010,06/21/2010,0,0,0,0.4,50
2010,06/21/2010,0,0,0,0.25,20
2010,06/21/2010,0,0,0,0.6,50
2010,06/21/2010,0,0,0,0.62,25
2010,06/23/2010,1,0,0,2.42,200
2010,06/27/2010,0,0,0,0.27,50
2010,07/12/2010,0,0,0,0.07,25
2010,07/21/2010,0,0,0,0.09,10
2010,10/26/2010,1,0,0,1.1,50
2010,10/26/2010,1,0,0,0.93,20
2010,10/26/2010,0,0,0,1.44,50
2010,10/26/2010,1,0,0,1.5,75
2010,10/26/2010,2,2,0,2.32,200
2010,11/22/2010,2,6,0,18.1,200
2010,11/22/2010,1,0,0,5.45,100
2010,11/22/2010,0,0,0,0.12,50
2010,12/31/2010,0,0,0,3.64,50
2010,12/31/2010,0,0,0,0.14,50
2010,12/31/2010,3,1,0,3.63,200
2010,12/31/2010,0,0,0,1.74,100
2011,02/27/2011,1,0,0,3.26,100
2011,02/27/2011,1,0,0,2.41,150
2011,02/27/2011,1,0,0,1.96,50
2011,02/27/2011,2,1,0,2.7,200
2011,02/27/2011,1,0,0,2.7,50
2011,02/28/2011,0,0,0,2.77,50
2011,02/28/2011,2,0,0,2.34,100
2011,02/28/2011,2,0,0,1.26,90
2011,02/28/2011,1,0,0,0.15,10
2011,02/28/2011,2,0,0,0.08,50
2011,04/15/2011,1,1,0,3.08,100
2011,04/15/2011,0,0,0,1.24,50
2011,04/15/2011,1,0,0,1.72,150
2011,04/19/2011,3,2,0,4.32,200
2011,04/19/2011,2,0,0,3.16,150
2011,04/19/2011,2,0,0,3.51,200
2011,04/19/2011,1,0,0,1.99,100
2011,04/19/2011,0,0,0,3.48,100
2011,04/19/2011,1,0,0,0.91,100
2011,04/19/2011,1,0,0,1.14,100
2011,04/19/2011,0,0,0,2.71,25
2011,04/19/2011,1,0,0,2.56,100
2011,04/19/2011,0,0,0,3.94,100
2011,04/19/2011,1,0,0,0.3,50
2011,04/19/2011,1,0,0,0.15,50
2011,04/19/2011,1,0,0,0.36,75
2011,04/19/2011,1,0,0,4.27,100
2011,04/19/2011,1,0,0,1.43,100
2011,04/19/2011,1,0,0,3.36,150
2011,04/19/2011,2,0,0,1.8,125
2011,04/19/2011,2,2,0,10.57,150
2011,04/19/2011,1,0,0,1.44,100
2011,04/19/2011,2,0,0,11.25,250
2011,04/19/2011,1,0,0,2.75,125
2011,04/22/2011,2,0,0,5.1,150
2011,04/22/2011,2,1,0,3.52,90
2011,04/22/2011,2,0,0,18.19,700
2011,04/22/2011,1,0,0,1.75,80
2011,04/23/2011,2,0,0,2.9,175
2011,04/23/2011,1,0,0,6.64,250
2011,05/07/2011,0,0,0,0.05,10
2011,05/07/2011,0,0,0,0.22,25
2011,05/13/2011,0,0,0,0.09,50
2011,05/22/2011,1,0,0,29.14,200
2011,05/22/2011,1,0,0,1.67,200
2011,05/22/2011,1,0,0,0.5,100
2011,05/22/2011,1,0,0,2.73,50
2011,05/22/2011,1,0,0,0.9,50
2011,05/23/2011,1,0,0,11.84,200
2011,05/25/2011,1,0,0,0.99,75
2011,05/25/2011,1,0,0,1.48,75
2011,05/25/2011,1,0,0,5.78,50
2011,05/25/2011,0,0,0,0.9,25
2011,05/25/2011,1,0,0,10.3,75
2011,05/25/2011,2,0,0,13.48,250
2011,05/25/2011,1,0,0,2,125
2011,05/25/2011,1,0,0,5.5,250
2011,05/25/2011,1,0,0,10.04,120
2011,05/25/2011,2,0,0,19.87,325
2011,05/25/2011,0,0,0,0.2,15
2011,05/25/2011,1,0,0,1,75
2011,05/25/2011,0,0,0,0.2,10
2011,05/25/2011,2,0,0,5.5,200
2011,06/10/2011,0,0,0,0.23,10
2011,06/15/2011,0,0,0,0.3,10
2011,06/15/2011,0,0,0,0.27,20
2011,06/15/2011,0,0,0,0.8,20
2011,06/19/2011,1,1,0,3.22,250
2011,06/20/2011,0,0,0,2.43,100
2011,06/21/2011,1,0,0,2.06,200
2011,06/21/2011,1,0,0,2.37,200
2011,07/27/2011,0,0,0,0.05,17
2011,07/27/2011,0,0,0,0.51,17
2012,01/22/2012,2,0,0,18.03,100
2012,01/22/2012,1,0,0,6.09,100
2012,02/29/2012,2,0,0,19.78,300
2012,02/29/2012,2,0,0,14.91,300
2012,02/29/2012,4,108,8,26.09,325
2012,02/29/2012,2,5,0,25.12,150
2012,02/29/2012,2,0,0,8.41,150
2012,03/02/2012,0,0,0,0.65,50
2012,03/02/2012,0,0,0,2.6,100
2012,03/23/2012,0,0,0,1.82,50
2012,03/23/2012,1,0,0,7.45,125
2012,03/23/2012,2,2,1,2.58,100
2012,03/23/2012,0,0,0,0.01,10
2012,05/01/2012,0,0,0,0.13,10
2012,05/01/2012,1,0,0,8.07,75
2012,05/01/2012,0,0,0,0.09,20
2012,05/01/2012,0,0,0,0.46,30
2012,05/06/2012,1,0,0,1.3,200
2012,05/06/2012,0,0,0,2.12,75
2012,07/31/2012,0,0,0,0.01,20
2012,08/31/2012,0,0,0,0.2,50
2012,08/31/2012,0,0,0,1.44,60
2012,08/31/2012,1,1,0,0.25,75
2012,08/31/2012,0,0,0,0.16,10
2012,09/01/2012,0,0,0,0.06,20
2012,09/01/2012,0,0,0,0.69,20
2012,09/01/2012,0,0,0,2.25,75
2012,09/01/2012,0,0,0,0.09,20
2012,09/01/2012,0,0,0,1.3,50
2012,09/01/2012,0,0,0,1.1,20
2012,09/01/2012,0,0,0,0.94,50
2012,09/25/2012,1,1,0,3.95,100
2013,01/29/2013,0,0,0,0.58,75
2013,01/29/2013,2,2,0,0.97,125
2013,04/18/2013,0,0,0,0.57,20
2013,05/09/2013,0,0,0,0.55,20
2013,05/19/2013,0,0,0,0.1,50
2013,05/20/2013,2,3,0,0.2,75
2013,05/28/2013,0,0,0,1.85,20
2013,05/30/2013,0,0,0,1.25,150
2013,05/30/2013,1,0,0,3.96,150
2013,05/30/2013,0,0,0,0.57,25
2013,05/31/2013,3,0,0,8.63,150
2013,05/31/2013,2,0,0,1.47,150
2013,05/31/2013,1,0,0,4.26,50
2013,05/31/2013,1,0,0,1.99,100
2013,05/31/2013,1,0,0,0.49,70
2013,06/12/2013,1,0,0,2.27,100
2013,06/12/2013,0,0,0,0.5,20
2013,06/12/2013,2,1,0,6.6,880
2013,06/12/2013,0,0,0,0.24,50
2013,06/24/2013,1,0,0,6.21,50
2013,06/24/2013,0,0,0,2.79,100
2013,06/24/2013,0,0,0,0.63,75
2013,06/29/2013,0,0,0,0.14,20
2013,07/01/2013,0,0,0,0.8,50
2013,07/02/2013,0,0,0,0.67,50
2013,09/01/2013,0,0,0,1.63,50
2013,10/31/2013,0,0,0,1.24,200
2013,10/31/2013,1,0,0,6.51,50
2013,10/31/2013,1,0,0,9.9,175
2013,10/31/2013,1,0,0,0.7,50
2013,11/17/2013,2,10,0,2.26,100
2013,11/17/2013,4,125,3,46.36,880
2013,11/17/2013,0,0,0,3.98,50
2013,11/17/2013,0,0,0,2.6,50
2013,11/17/2013,1,0,0,0.37,50
2013,11/17/2013,4,2,2,10.59,200
2013,11/17/2013,1,0,0,4.76,100
2013,11/17/2013,1,0,0,2.52,100
2013,11/17/2013,2,5,0,12.02,200
2013,11/17/2013,2,0,0,11.4,200
2013,11/17/2013,1,0,0,3.53,100
2013,11/17/2013,1,0,0,10.54,440
2013,11/17/2013,2,0,0,5.21,200
2013,11/17/2013,3,0,0,18.74,440
2013,11/17/2013,3,6,0,29.83,880
2013,11/17/2013,1,0,0,4.51,440
2013,11/17/2013,1,0,0,0.16,150
2013,11/17/2013,2,1,0,19.68,440
2013,11/17/2013,1,0,0,0.15,25
2013,11/17/2013,2,0,0,9.48,150
2013,11/17/2013,0,0,0,4.52,75
2013,11/17/2013,2,0,0,7.86,300
2013,11/17/2013,2,0,0,4.14,100
2013,11/17/2013,2,1,0,10.28,225
2013,11/17/2013,3,33,3,11.07,500
2014,02/20/2014,2,1,0,12.09,80
2014,02/20/2014,0,0,0,0.27,25
2014,02/20/2014,0,0,0,8.17,50
2014,02/20/2014,0,0,0,0.22,75
2014,02/20/2014,1,0,0,20.56,300
2014,02/20/2014,2,1,0,22.38,200
2014,02/20/2014,1,0,0,4.8,50
2014,02/20/2014,1,0,0,0.39,50
2014,02/20/2014,0,0,0,0.28,50
2014,02/20/2014,1,0,0,1.54,100
2014,02/20/2014,0,0,0,3,75
2014,04/03/2014,1,0,0,0.99,90
2014,04/03/2014,0,0,0,0.27,50
2014,04/03/2014,0,0,0,5.03,85
2014,04/03/2014,0,0,0,3.18,75
2014,04/03/2014,1,0,0,0.77,50
2014,04/24/2014,1,0,0,2.21,100
2014,05/28/2014,0,0,0,0.2,50
2014,05/28/2014,0,0,0,0.61,100
2014,06/04/2014,0,0,0,1.44,30
2014,06/07/2014,0,0,0,0.34,40
2014,06/07/2014,0,0,0,0.3,30
2014,06/23/2014,0,0,0,2.89,200
2014,06/23/2014,0,0,0,1.8,150
2014,06/29/2014,1,0,0,2.24,600
2014,06/30/2014,1,0,0,1.51,50
2014,06/30/2014,1,0,0,1.15,50
2014,06/30/2014,0,0,0,2.16,50
2014,06/30/2014,1,0,0,3.06,75
2014,06/30/2014,1,0,0,4.07,200
2014,06/30/2014,1,0,0,8.69,150
2014,06/30/2014,1,0,0,3.05,300
2014,06/30/2014,1,0,0,2.15,225
2014,06/30/2014,1,0,0,3.09,150
2014,06/30/2014,1,0,0,2.35,200
2014,06/30/2014,1,0,0,3.4,200
2014,06/30/2014,1,0,0,1.66,100
2014,07/12/2014,0,0,0,0.38,50
2014,07/12/2014,1,0,0,3.7,100
2014,07/12/2014,1,0,0,2.78,50
2014,07/12/2014,1,0,0,0.66,50
2014,10/13/2014,0,0,0,0.29,50
2014,10/13/2014,1,0,0,1.38,100
2014,10/13/2014,1,0,0,0.25,50
2014,10/13/2014,2,0,0,10,200
2014,10/13/2014,1,0,0,3.52,100
2014,10/13/2014,1,0,0,0.66,50
2014,10/13/2014,1,0,0,0.2,50
2014,10/13/2014,0,0,0,2.75,50
2015,04/09/2015,0,0,0,0.15,10
2015,04/09/2015,1,0,0,3.91,75
2015,04/09/2015,1,0,0,8.3,50
2015,04/09/2015,0,0,0,2.84,25
2015,04/09/2015,4,11,2,30.14,700
2015,04/09/2015,0,0,0,1.86,100
2015,04/09/2015,1,0,0,4.01,100
2015,04/09/2015,0,0,0,0.42,30
2015,04/09/2015,1,0,0,3.92,50
2015,04/09/2015,0,0,0,0.14,10
2015,04/09/2015,1,0,0,0.32,30
2015,05/24/2015,2,0,0,6.75,50
2015,05/26/2015,1,0,0,4,50
2015,05/26/2015,1,0,0,2.4,50
2015,05/26/2015,0,0,0,0.4,50
2015,05/29/2015,1,0,0,4.68,200
2015,06/07/2015,0,0,0,0.04,10
2015,06/07/2015,0,0,0,2.7,25
2015,06/11/2015,1,0,0,5.94,50
2015,06/15/2015,1,0,0,4.11,150
2015,06/19/2015,1,0,0,1.67,50
2015,06/19/2015,0,0,0,0.09,25
2015,06/19/2015,0,0,0,4.92,200
2015,06/19/2015,1,0,0,0.4,50
2015,06/19/2015,0,0,0,0.13,30
2015,06/19/2015,0,0,0,0.52,50
2015,06/19/2015,1,0,0,0.92,150
2015,06/19/2015,1,0,0,0.2,75
2015,06/19/2015,0,0,0,0.49,50
2015,06/19/2015,0,0,0,0.1,30
2015,06/22/2015,1,0,0,2.18,75
2015,06/22/2015,2,0,0,4.22,440
2015,06/22/2015,1,0,0,2.51,50
2015,06/22/2015,1,0,0,7.44,50
2015,06/22/2015,2,7,0,7.8,880
2015,06/22/2015,1,0,0,1.48,150
2015,06/22/2015,1,0,0,6.04,150
2015,06/22/2015,1,0,0,7.05,150
2015,06/22/2015,0,0,0,0.77,100
2015,06/22/2015,3,7,0,16.26,1320
2015,06/22/2015,1,0,0,2.24,300
2015,06/22/2015,0,0,0,1.02,50
2015,07/08/2015,1,0,0,2.09,50
2015,07/11/2015,0,0,0,0.09,50
2015,07/16/2015,1,0,0,0.84,100
2015,07/16/2015,1,0,0,1.41,50
2015,07/16/2015,1,0,0,1.11,200
2015,07/16/2015,2,0,0,1.72,300
2015,07/16/2015,2,1,0,5.95,700
2015,07/16/2015,0,0,0,0.55,10
2015,07/16/2015,2,1,0,2.39,250
2015,07/18/2015,0,0,0,0.1,50
2015,07/18/2015,0,0,0,0.1,50
2015,08/02/2015,1,0,0,7.51,300
2015,08/18/2015,0,0,0,0.03,25
2015,08/18/2015,0,0,0,0.04,25
2015,08/18/2015,0,0,0,2.01,75
2015,08/18/2015,0,0,0,3.19,75
2015,08/18/2015,0,0,0,0.24,75
2015,09/10/2015,0,0,0,0.21,75
2015,09/18/2015,1,0,0,2.6,50
2015,11/11/2015,0,0,0,0.1,25
2015,11/11/2015,1,0,0,4.23,50
2015,12/23/2015,0,0,0,6,50
2015,12/23/2015,1,0,0,5.03,200
2015,12/23/2015,1,0,0,4.28,100
2015,12/23/2015,1,0,0,1.58,100
2015,12/23/2015,1,0,0,10.7,50
2015,12/23/2015,0,0,0,10.62,50
2016,03/15/2016,2,0,0,8.23,400
2016,03/15/2016,1,0,0,8.27,400
2016,03/15/2016,2,10,0,4.78,200
2016,03/15/2016,2,0,0,7.55,440
2016,03/15/2016,1,0,0,3.62,75
2016,03/15/2016,0,0,0,3.68,200
2016,03/15/2016,0,0,0,1.76,50
2016,04/27/2016,0,0,0,4.94,25
2016,04/27/2016,0,0,0,0.05,10
2016,04/27/2016,0,0,0,0.09,10
2016,05/09/2016,0,0,0,0.1,15
2016,05/09/2016,0,0,0,0.09,25
2016,05/10/2016,0,0,0,0.05,20
2016,05/10/2016,0,0,0,0.05,20
2016,05/11/2016,0,0,0,0.05,30
2016,06/13/2016,0,0,0,0.41,25
2016,06/14/2016,0,0,0,0.07,10
2016,06/22/2016,1,0,0,4.1,300
2016,06/22/2016,0,0,0,0.1,50
2016,06/22/2016,0,0,0,0.58,25
2016,06/22/2016,0,0,0,0.3,75
2016,06/22/2016,1,0,0,4.3,400
2016,06/22/2016,1,0,0,1.4,250
2016,06/22/2016,0,0,0,0.28,10
2016,06/22/2016,1,0,0,0.5,50
2016,06/22/2016,1,0,0,1.7,250
2016,06/22/2016,1,0,0,0.5,50
2016,06/22/2016,1,0,0,0.48,50
2016,06/22/2016,1,0,0,6.7,100
2016,06/22/2016,2,0,0,8.05,300
2016,06/22/2016,0,0,0,0.7,100
2016,06/22/2016,2,4,0,11.1,440
2016,06/22/2016,1,0,0,1.7,50
2016,06/22/2016,0,0,0,0.1,10
2016,06/22/2016,1,0,0,3.1,440
2016,07/06/2016,1,2,0,2.79,160
2016,07/17/2016,0,0,0,1.19,25
2016,07/17/2016,0,0,0,0.24,25
2016,07/17/2016,1,0,0,2.16,100
2016,08/09/2016,0,0,0,0.01,10
2016,09/09/2016,0,0,0,0.1,10
2016,09/09/2016,2,0,0,6.26,75
2016,09/09/2016,1,0,0,1.63,50
2016,09/09/2016,0,0,0,0.1,10
2016,10/06/2016,1,0,0,1.91,200
2016,10/06/2016,0,0,0,4.86,10
2017,02/28/2017,1,0,0,5.53,100
2017,02/28/2017,0,0,0,1.75,50
2017,02/28/2017,3,14,2,11.5,800
2017,02/28/2017,1,0,0,2.62,75
2017,02/28/2017,1,0,0,2.8,200
2017,02/28/2017,0,0,0,1.2,200
2017,02/28/2017,1,0,0,1.5,50
2017,02/28/2017,0,0,0,0.07,25
2017,02/28/2017,0,0,0,0.89,100
2017,02/28/2017,3,0,0,17.77,600
2017,02/28/2017,2,0,0,4.5,75
2017,03/01/2017,3,0,0,36.08,850
2017,03/01/2017,1,1,0,0.66,50
2017,03/01/2017,1,0,0,2.33,50
2017,03/01/2017,3,2,1,44.13,440
2017,03/01/2017,3,1,1,9.56,420
2017,03/01/2017,1,0,0,7.36,25
2017,03/01/2017,0,0,0,4.11,25
2017,03/07/2017,1,0,0,1.54,10
2017,03/07/2017,1,0,0,6.76,150
2017,03/07/2017,1,0,0,7.38,150
2017,03/07/2017,2,0,0,2.8,200
2017,03/07/2017,0,0,0,0.29,25
2017,03/07/2017,1,0,0,12.92,100
2017,03/07/2017,1,0,0,7.17,100
2017,04/05/2017,1,0,0,0.1,25
2017,04/29/2017,1,0,0,2.36,50
2017,04/29/2017,0,0,0,0.68,10
2017,05/11/2017,0,0,0,0.1,20
2017,05/17/2017,0,0,0,0.71,25
2017,05/18/2017,1,0,0,8.11,150
2017,05/18/2017,1,0,0,2.06,50
2017,05/18/2017,2,1,0,1.29,50
2017,05/18/2017,1,0,0,10.3,100
2017,05/23/2017,0,0,0,0.26,15
2017,05/23/2017,0,0,0,0.1,10
2017,05/24/2017,0,0,0,0.15,10
2017,05/26/2017,1,0,0,0.29,75
2017,06/09/2017,0,0,0,0.21,20
2017,06/29/2017,1,0,0,5.86,200
2017,06/29/2017,1,0,0,1.64,100
2017,07/10/2017,0,0,0,1.6,50
2017,07/22/2017,1,0,0,3.72,150
2017,08/02/2017,0,0,0,0.5,40
2017,08/17/2017,1,0,0,2.79,75
2017,08/17/2017,1,0,0,0.54,60
2017,08/17/2017,0,0,0,3.25,20
2017,10/14/2017,0,0,0,0.82,25
2017,11/05/2017,1,0,0,6.84,50
2017,11/18/2017,0,0,0,0.68,30
2017,11/18/2017,0,0,0,0.09,30
2018,04/03/2018,2,0,0,10.87,33.3333333333333
2018,04/03/2018,1,0,0,7.33,33.3333333333333
2018,04/03/2018,1,0,0,9.98,41.6666666666667
2018,04/03/2018,1,0,0,1.93,50
2018,04/03/2018,1,0,0,1.55,66.6666666666667
2018,04/03/2018,2,0,0,10.8,116.666666666667
2018,04/03/2018,1,0,0,10.59,25
2018,04/03/2018,1,0,0,2.25,75
2018,05/15/2018,0,0,0,1.84,8.33333333333333
2018,05/15/2018,0,0,0,0.69,16.6666666666667
2018,05/15/2018,0,0,0,0.17,16.6666666666667
2018,05/27/2018,0,0,0,0.81,8.33333333333333
2018,05/30/2018,0,0,0,0.9,10
2018,05/31/2018,1,0,0,3.11,50
2018,05/31/2018,0,0,0,1.12,16.6666666666667
2018,06/10/2018,0,0,0,0.06,10
2018,06/10/2018,0,0,0,0.06,6.66666666666667
2018,06/21/2018,0,0,0,0.17,6.66666666666667
2018,06/26/2018,0,0,0,0.71,33.3333333333333
2018,06/26/2018,0,0,0,0.01,6.66666666666667
2018,06/26/2018,0,0,0,0.1,8.33333333333333
2018,06/26/2018,1,0,0,1.12,33.3333333333333
2018,06/26/2018,0,0,0,0.01,3.33333333333333
2018,06/26/2018,1,0,0,3.88,25
2018,06/28/2018,0,0,0,1.4,16.6666666666667
2018,06/02/2018,0,0,0,0.3,25
2018,08/16/2018,0,0,0,3.15,33.3333333333333
2018,08/20/2018,0,0,0,0.27,33.3333333333333
2018,09/03/2018,0,0,0,1.71,25
2018,12/01/2018,1,0,0,1.65,8.33333333333333
2018,12/01/2018,0,0,0,0.11,8.33333333333333
2018,12/01/2018,1,0,0,0.6,36.6666666666667
2018,12/01/2018,1,0,0,1.4,33.3333333333333
2018,12/01/2018,0,0,0,1.71,16.6666666666667
2018,12/01/2018,0,0,0,0.64,16.6666666666667
2018,12/01/2018,0,0,0,0.1,5
2018,12/01/2018,1,0,0,4.23,66.6666666666667
2018,12/01/2018,0,0,0,0.1,5
2018,12/01/2018,0,0,0,1.67,8.33333333333333
2018,12/01/2018,1,0,0,2.13,66.6666666666667
2018,12/01/2018,1,0,0,13.48,150
2018,12/01/2018,1,0,0,1.39,16.6666666666667
2018,12/01/2018,1,0,0,8.03,25
2018,12/01/2018,2,0,0,6.79,33.3333333333333
2018,12/01/2018,1,0,0,1.97,16.6666666666667
2018,12/01/2018,0,0,0,5.54,8.33333333333333
2018,12/01/2018,0,0,0,0.06,8.33333333333333
2018,12/01/2018,0,0,0,3.05,66.6666666666667
2018,12/01/2018,1,0,0,11.68,83.3333333333333
2018,12/01/2018,3,22,0,12.49,300
2018,12/01/2018,2,0,0,8.39,133.333333333333
2018,12/01/2018,0,0,0,0.12,16.6666666666667
2018,12/01/2018,1,0,0,4.27,83.3333333333333
2018,12/01/2018,0,0,0,0.41,16.6666666666667
2018,12/01/2018,1,0,0,4.57,33.3333333333333
2018,12/01/2018,1,0,0,1.13,106.666666666667
2018,12/01/2018,1,0,0,0.21,16.6666666666667
2018,12/01/2018,2,0,0,2.44,33.3333333333333
2018,12/01/2018,0,0,0,0.12,8.33333333333333
2018,12/01/2018,1,0,0,0.49,25
2019,04/24/2019,0,0,0,0.23,10
2019,04/30/2019,0,0,0,1.17,8.33333333333333
2019,05/21/2019,0,0,0,0.34,16.6666666666667
2019,05/22/2019,1,0,0,0.53,10
2019,05/22/2019,0,0,0,1.75,16.6666666666667
2019,05/22/2019,1,0,0,6.53,50
2019,05/22/2019,1,0,0,0.95,50
2019,05/22/2019,1,0,0,7.77,50
2019,05/22/2019,1,0,0,2.7,33.3333333333333
2019,05/23/2019,1,0,0,1.34,66.6666666666667
2019,05/23/2019,1,0,0,1.56,66.6666666666667
2019,05/23/2019,0,0,0,0.73,6.66666666666667
2019,05/24/2019,1,0,0,7.75,16.6666666666667
2019,05/24/2019,1,0,0,1.85,10
2019,05/24/2019,0,0,0,1.17,6.66666666666667
2019,05/25/2019,1,0,0,1.15,66.6666666666667
2019,05/25/2019,1,0,0,0.72,50
2019,05/26/2019,1,0,0,0.9,83.3333333333333
2019,05/26/2019,1,0,0,0.85,83.3333333333333
2019,05/26/2019,1,0,0,1.01,83.3333333333333
2019,05/27/2019,0,0,0,0.97,10
2019,05/27/2019,0,0,0,3.23,100
2019,05/27/2019,0,0,0,0.08,3.33333333333333
2019,05/27/2019,0,0,0,0.84,16.6666666666667
2019,05/27/2019,0,0,0,0.69,10
2019,05/27/2019,0,0,0,0.13,3.33333333333333
2019,05/28/2019,0,0,0,0.16,3.33333333333333
2019,05/29/2019,0,0,0,0.23,6.66666666666667
2019,05/29/2019,0,0,0,0.23,6.66666666666667
2019,05/29/2019,0,0,0,0.29,6.66666666666667
2019,05/29/2019,0,0,0,0.46,6.66666666666667
2019,06/12/2019,0,0,0,0.53,3.33333333333333
2019,06/15/2019,0,0,0,1.82,10
2019,06/15/2019,1,0,0,0.68,13.3333333333333
2019,06/15/2019,1,0,0,2.43,66.6666666666667
2019,06/15/2019,1,0,0,1.94,16.6666666666667
2019,06/19/2019,0,0,0,0.1,3.33333333333333
2019,06/19/2019,0,0,0,0.11,3.33333333333333
2019,06/19/2019,0,0,0,0.08,8.33333333333333
2019,06/23/2019,1,0,0,2.8,40
2019,08/12/2019,1,0,0,6.25,66.6666666666667
2019,08/12/2019,0,0,0,1.5,25
2019,08/12/2019,0,0,0,0.41,16.6666666666667
2019,08/21/2019,0,0,0,0.13,3.33333333333333
2019,09/01/2019,0,0,0,0.31,6.66666666666667
2019,09/03/2019,1,1,0,3.1,66.6666666666667
2019,09/27/2019,0,0,0,1.88,33.3333333333333
2019,09/29/2019,0,0,0,2.73,16.6666666666667
2020,01/11/2020,1,0,0,0.86,50
2020,03/19/2020,1,1,0,3.17,125
2020,03/19/2020,0,0,0,0.58,75
2020,03/19/2020,1,0,0,2.32,300
2020,03/28/2020,1,0,0,2.06,100
2020,03/28/2020,1,0,0,2.17,20
2020,03/28/2020,1,0,0,3.27,50
2020,03/28/2020,1,0,0,7.03,400
2020,04/28/2020,0,0,0,2.1,100
2020,05/14/2020,1,0,0,4.26,100
2020,05/17/2020,0,0,0,4.04,75
2020,05/23/2020,0,0,0,3.46,75
2020,05/23/2020,1,0,0,9.91,30
2020,05/23/2020,0,1,0,1.97,100
2020,05/23/2020,0,0,0,2.07,100
2020,05/23/2020,0,0,0,2.26,100
2020,05/23/2020,1,0,0,0.3,100
2020,05/23/2020,0,0,0,2.2,50
2020,05/23/2020,0,0,0,1,50
2020,07/15/2020,0,0,0,0.98,50
2020,07/15/2020,0,0,0,3.16,50
2020,07/15/2020,0,0,0,3.21,75
2020,07/15/2020,0,0,0,0.57,50
2020,07/15/2020,0,0,0,3.89,300
2020,07/15/2020,0,0,0,0.64,100
2020,07/20/2020,0,0,0,0.26,30
2020,07/21/2020,1,0,0,4.36,100
2020,08/10/2020,0,0,0,4.59,50
2020,08/10/2020,0,0,0,1.58,50
2020,08/10/2020,1,0,0,6.03,300
2020,08/10/2020,0,0,0,6.28,40
2020,08/10/2020,1,0,0,0.9,150
2020,08/10/2020,1,0,0,3.15,300
2020,08/10/2020,1,0,0,5.73,200
2020,08/10/2020,1,0,0,1.21,40
2020,08/10/2020,1,0,0,10.47,250
2020,08/10/2020,1,0,0,3.98,250
2020,08/10/2020,1,0,0,0.36,100
2020,08/10/2020,1,0,0,2.15,200
2020,08/10/2020,1,0,0,1.75,150
2020,08/10/2020,1,0,0,4.84,300
2020,08/10/2020,0,0,0,1.97,350
2020,08/10/2020,1,0,0,3.19,300
2020,08/10/2020,0,0,0,1.47,150
2020,11/10/2020,1,0,0,14.03,50
2020,11/10/2020,1,0,0,0.54,30
2020,11/10/2020,1,0,0,6.31,50
2020,11/10/2020,1,0,0,0.26,100
2020,11/10/2020,1,0,0,0.32,30
2020,11/10/2020,1,0,0,3.47,100
2020,11/10/2020,1,0,0,4.28,100
2020,11/10/2020,0,0,0,9.99,50
2020,11/10/2020,0,0,0,3.72,50
2021,03/23/2021,0,0,0,2.1,30
2021,03/27/2021,1,0,0,5.29,700
2021,05/06/2021,0,0,0,0.18,20
2021,05/06/2021,0,0,0,0.52,30
2021,05/27/2021,0,0,0,2.76,50
2021,06/18/2021,1,0,0,10.26,250
2021,06/20/2021,0,0,0,0.4,75
2021,06/20/2021,3,11,0,14.8,600
2021,06/20/2021,0,0,0,4.8,200
2021,06/20/2021,3,0,0,2.8,600
2021,07/25/2021,0,0,0,1.49,50
2021,09/25/2021,1,0,0,1.5,250
2021,10/25/2021,0,0,0,0.21,75
2021,06/26/2021,0,0,0,4.1,100
2021,06/26/2021,0,0,0,0.21,75
2021,06/26/2021,0,0,0,0.7,75
2021,07/10/2021,1,0,0,0.9,75
2021,07/10/2021,0,0,0,0.11,50
2021,07/10/2021,0,0,0,3.2,75
2021,07/10/2021,1,0,0,2.42,75
2021,07/29/2021,0,0,0,0.52,50
2021,07/29/2021,1,0,0,0.39,75
2021,08/09/2021,0,0,0,0.1,20
2021,08/09/2021,1,0,0,1.8,80
2021,08/09/2021,1,0,0,0.4,70
2021,08/09/2021,1,0,0,3.8,100
2021,08/09/2021,0,0,0,3.1,50
2021,08/09/2021,0,0,0,3.7,50
2021,08/09/2021,1,0,0,1.5,150
2021,08/09/2021,1,0,0,3,525
2021,10/11/2021,2,0,0,5.83,75
2021,10/11/2021,0,0,0,1.37,50
2021,10/11/2021,0,0,0,0.26,70
2021,12/10/2021,3,1,6,4.22,300
2021,12/10/2021,1,0,0,8.94,150
2021,12/10/2021,1,0,0,14.8,690
2021,12/10/2021,2,1,0,7.69,200
2021,12/10/2021,2,0,0,3.77,200
2021,12/10/2021,2,0,0,8.19,200
2021,12/10/2021,1,0,0,6.33,100
2021,12/10/2021,2,0,0,3.45,200
2021,12/10/2021,1,0,0,0.2,200
2022,03/05/2022,1,0,0,3.98,50
2022,03/05/2022,0,0,0,6.93,50
2022,03/05/2022,1,0,0,3.89,40
2022,03/30/2022,1,0,0,6.62,400
2022,03/30/2022,0,0,0,4.05,100
2022,03/30/2022,0,0,0,0.3,50
2022,04/24/2022,1,0,0,0.89,50
2022,05/19/2022,0,0,0,0.23,50
2022,05/19/2022,1,0,0,10.9,250
2022,05/19/2022,1,0,0,5.75,250
2022,05/19/2022,0,0,0,1.65,50
2022,05/19/2022,2,0,0,8.52,300
2022,05/25/2022,1,0,0,1.83,30
2022,05/31/2022,1,0,0,1.6,60
2022,06/13/2022,0,0,0,1.4,25
2022,06/13/2022,0,0,0,0.8,25
2022,06/13/2022,0,0,0,0.2,30
2022,06/17/2022,1,0,0,3.31,60
2022,07/23/2022,0,0,0,0.1,150
2022,07/23/2022,0,0,0,0.7,150
2022,07/23/2022,0,0,0,4.4,150
2022,07/23/2022,0,0,0,4.1,200
2022,08/01/2022,1,0,0,1.88,60
2022,08/01/2022,0,0,0,0.41,60
2022,08/30/2022,0,0,0,0.5,60
2022,08/30/2022,0,0,0,1.9,60
2022,09/18/2022,0,0,0,2.97,30
2022,11/05/2022,0,0,0,0.2,100
2022,11/05/2022,0,0,0,3.5,100
2023,01/03/2023,0,0,0,0.32,25
2023,01/03/2023,1,0,0,0.88,75
2023,01/03/2023,0,0,0,1.12,20
2023,01/03/2023,1,0,0,0.46,25
2023,01/03/2023,1,0,0,0.21,25
2023,01/03/2023,1,0,0,2.9,25
2023,01/12/2023,0,0,0,1.3,100
2023,02/27/2023,0,0,0,1.4,100
2023,02/27/2023,0,0,0,1.4,30
2023,02/27/2023,0,0,0,1.14,30
2023,03/27/2023,0,0,0,0.8,100
2023,03/31/2023,1,0,0,7.75,75
2023,03/31/2023,1,0,0,13.54,150
2023,03/31/2023,2,0,0,9.29,350
2023,03/31/2023,0,0,0,1.66,150
2023,03/31/2023,0,0,0,2.02,250
2023,03/31/2023,1,0,0,4.84,300
2023,03/31/2023,1,0,0,8.72,300
2023,03/31/2023,1,0,0,8.97,600
2023,03/31/2023,1,0,0,4.53,600
2023,03/31/2023,1,0,0,6.06,150
2023,03/31/2023,1,40,1,14.01,600
2023,03/31/2023,0,0,0,1.58,125
2023,03/31/2023,1,0,0,5.79,300
2023,03/31/2023,0,0,0,3.77,200
2023,03/31/2023,0,0,0,1.83,200
2023,03/31/2023,0,0,0,2.7,250
2023,03/31/2023,1,0,0,5.26,200
2023,03/31/2023,1,0,0,8.63,300
2023,03/31/2023,0,0,0,1.6,225
2023,03/31/2023,1,0,0,1.57,175
2023,03/31/2023,0,0,0,6.49,200
2023,03/31/2023,1,0,0,0.87,10
2023,03/31/2023,1,0,0,10.83,500
2023,03/31/2023,2,0,0,10.72,200
2023,03/31/2023,0,0,0,1.06,30
2023,03/31/2023,1,0,0,1.74,30
2023,03/31/2023,1,0,0,7.81,300
2023,03/31/2023,3,8,3,21.15,700
2023,03/31/2023,2,0,0,5.42,400
2023,03/31/2023,0,0,0,4.08,20
2023,03/31/2023,2,0,0,10.29,200
2023,03/31/2023,0,0,0,5.48,150
2023,03/31/2023,1,0,0,5.95,250
2023,03/31/2023,0,0,0,0.85,50
2023,03/31/2023,1,0,0,4.75,200
2023,03/31/2023,2,0,0,8.33,440
2023,03/31/2023,1,0,0,0.98,50
2023,03/31/2023,2,0,0,3.05,200
2023,03/31/2023,2,0,0,6.82,650
2023,03/31/2023,1,0,0,0.99,200
2023,03/31/2023,1,0,0,1.97,150
2023,03/31/2023,2,0,0,3.55,300
2023,03/31/2023,1,0,0,5.85,150
2023,04/04/2023,1,0,0,1.09,25
2023,04/04/2023,2,0,0,2.79,600
2023,04/04/2023,2,0,0,0.52,50
2023,04/04/2023,1,0,0,1.62,25
2023,04/04/2023,1,0,0,1.59,150
2023,04/04/2023,1,0,0,8.31,350
2023,04/04/2023,1,0,0,1.93,200
2023,04/04/2023,3,4,0,19.92,600
2023,04/05/2023,0,0,0,3.12,50
2023,04/15/2023,0,0,0,15.91,100
2023,04/15/2023,1,0,0,3.66,100
2023,04/15/2023,0,0,0,0.58,100
2023,04/15/2023,0,0,0,1.12,90
2023,04/15/2023,1,0,0,3.04,200
2023,04/15/2023,0,0,0,4.97,100
2023,04/20/2023,1,0,0,5.89,300
2023,06/29/2023,1,0,0,1.47,800
2023,06/29/2023,1,0,0,12.71,800
2023,06/30/2023,1,0,0,3.45,200
2023,06/30/2023,1,0,0,10.36,200
2023,06/30/2023,1,0,0,4.79,100
2023,06/30/2023,1,0,0,0.98,150
2023,06/30/2023,2,0,0,9.07,800
2023,07/12/2023,0,0,0,2.88,125
2023,07/12/2023,0,0,0,0.27,125
2023,07/12/2023,1,0,0,6.42,200
2023,07/12/2023,1,0,0,0.7,150
2023,07/12/2023,0,0,0,0.32,225
2023,07/12/2023,1,0,0,1.47,440
2023,07/12/2023,1,0,0,9.47,440
2023,07/12/2023,0,0,0,2.1,125
2023,07/12/2023,0,0,0,3.12,225
2023,07/12/2023,0,0,0,0.47,80
2023,07/12/2023,0,0,0,3.11,125
2023,07/12/2023,0,0,0,2.46,175
2023,07/12/2023,1,1,0,8.36,150
2023,07/12/2023,0,0,0,4.14,100
2023,07/12/2023,0,0,0,1.06,80
2023,07/12/2023,0,0,0,2.6,100
2023,07/12/2023,0,0,0,3.42,300
2023,07/14/2023,0,0,0,8.74,400
2023,07/28/2023,0,0,0,0.82,250
2023,07/28/2023,1,0,0,5.98,225
2023,07/28/2023,0,0,0,4.28,250
2023,07/28/2023,0,0,0,0.45,20
2023,07/28/2023,0,0,0,1,20
2023,07/28/2023,1,0,0,1.59,225
2023,07/28/2023,0,0,0,4.89,80
2023,07/28/2023,1,0,0,5.51,90
2023,07/28/2023,0,0,0,6.07,350
2023,07/28/2023,0,0,0,5.13,60
2023,07/28/2023,0,0,0,7.14,60
2023,07/28/2023,0,0,0,0.33,20
2023,07/28/2023,0,0,0,0.53,20
2023,08/03/2023,2,0,0,23.43,450
2023,08/05/2023,1,0,0,2.87,200
2023,08/05/2023,0,0,0,0.5,25
2023,08/06/2023,1,0,0,1.88,200
2023,08/13/2023,0,0,0,0.38,10
2023,08/26/2023,0,0,0,0.37,20
2023,10/13/2023,1,1,0,0.42,25
2024,02/08/2024,0,0,0,6.38,100
2024,02/08/2024,0,0,0,3.65,100
2024,02/27/2024,1,1,0,0.11,40
2024,02/27/2024,0,1,0,0.11,40
2024,02/27/2024,0,0,0,2.45,160
2024,02/27/2024,1,0,0,2.58,110
2024,02/27/2024,0,0,0,3.83,300
2024,02/27/2024,1,0,0,1.16,125
2024,02/27/2024,1,0,0,8.13,125
2024,02/27/2024,0,0,0,2.8,175
2024,02/27/2024,1,0,0,7.89,125
2024,02/27/2024,0,0,0,2.59,175
2024,02/27/2024,0,0,0,1.3,120
2024,02/27/2024,0,0,0,0.05,10
2024,02/27/2024,2,0,0,2.83,425
2024,03/04/2024,0,0,0,0.1,30
2024,03/14/2024,1,0,0,2.8,75
2024,03/14/2024,0,0,0,0.5,150
2024,03/14/2024,0,0,0,2.13,100
2024,03/14/2024,0,0,0,2.36,200
2024,03/14/2024,0,0,0,0.39,200
2024,03/14/2024,0,0,0,1.62,75
2024,03/14/2024,0,0,0,2.28,75
2024,03/14/2024,2,0,0,8.65,100
2024,03/14/2024,1,0,0,0.95,150
2024,03/14/2024,0,0,0,0.11,125
2024,04/02/2024,0,0,0,0.52,25
2024,04/02/2024,2,0,0,0.65,10
2024,04/02/2024,1,0,0,4.6,50
2024,04/02/2024,1,0,0,2.67,100
2024,04/02/2024,0,0,0,1.96,75
2024,04/02/2024,1,0,0,7.06,100
2024,04/02/2024,0,0,0,0.98,100
2024,04/02/2024,0,2,0,1.14,100
2024,04/02/2024,0,0,0,1.36,250
2024,04/02/2024,1,0,0,6.21,250
2024,04/02/2024,0,0,0,6.66,250
2024,04/07/2024,1,0,0,1.26,25
2024,04/18/2024,1,0,0,7.19,500
2024,04/18/2024,1,0,0,3.71,200
2024,04/18/2024,0,0,0,1.26,300
2024,04/18/2024,0,0,0,0.89,300
2024,04/18/2024,1,1,0,3.77,200
2024,04/18/2024,0,0,0,4.37,100
2024,04/18/2024,1,0,0,0.33,75
2024,04/18/2024,0,0,0,1.09,35
2024,04/18/2024,1,0,0,3.14,75
2024,04/18/2024,1,0,0,0.91,100
2024,04/18/2024,0,0,0,0.23,75
2024,04/18/2024,1,0,0,0.02,10
2024,04/18/2024,0,0,0,0.63,10
2024,04/18/2024,0,0,0,3.68,10
2024,05/07/2024,0,0,0,3.8,50
2024,05/07/2024,0,0,0,5.3,50
2024,05/08/2024,1,0,0,7.74,150
2024,05/08/2024,1,0,0,6.57,25
2024,05/08/2024,1,0,0,3.41,75
2024,05/08/2024,0,0,0,1.15,75
2024,05/08/2024,1,1,0,1.26,100
2024,05/19/2024,0,0,0,0.63,20
2024,05/24/2024,1,0,0,0.53,10
2024,05/24/2024,0,0,0,1,10
2024,05/24/2024,2,0,0,0.32,10
2024,05/24/2024,1,0,0,8.41,50
2024,05/24/2024,1,0,0,11.75,50
2024,05/26/2024,1,0,0,0.66,200
2024,05/26/2024,0,0,0,6.79,250
2024,05/26/2024,0,0,0,1.02,125
2024,05/26/2024,0,0,0,4.7,100
2024,05/26/2024,0,0,0,2.24,100
2024,05/26/2024,0,0,0,3.6,300
2024,05/26/2024,0,0,0,4.66,500
2024,05/26/2024,0,0,0,1.12,325
2024,05/26/2024,1,0,0,0.86,25
2024,05/26/2024,1,0,0,17.64,325
2024,05/26/2024,0,1,0,4.87,300
2024,05/26/2024,0,0,0,7.56,500
2024,05/26/2024,0,0,0,2.94,285
2024,05/26/2024,0,0,0,3.47,25
2024,06/05/2024,1,0,0,1.17,100
2024,06/13/2024,0,0,0,3.35,1300
2024,06/13/2024,0,0,0,4.2,1300
2024,06/13/2024,0,0,0,0.94,60
2024,06/13/2024,0,0,0,1.27,80
2024,06/13/2024,0,0,0,0.61,60
2024,06/13/2024,0,0,0,0.71,60
2024,06/13/2024,0,0,0,0.08,10
2024,06/13/2024,0,0,0,0.06,10
2024,06/22/2024,1,0,0,0.86,50
2024,06/22/2024,1,0,0,1.19,50
2024,06/22/2024,1,0,0,7.82,300
2024,06/22/2024,1,0,0,2.34,300
2024,06/29/2024,1,0,0,2.28,30
2024,07/04/2024,1,0,0,1.3,30
2024,07/14/2024,0,0,0,0.71,50
2024,07/14/2024,0,0,0,1.9,225
2024,07/14/2024,1,0,0,1.8,100
2024,07/14/2024,0,0,0,2,150
2024,07/14/2024,1,0,0,2.1,100
2024,07/14/2024,1,0,0,2.2,150
2024,07/14/2024,1,0,0,0.87,60
2024,07/14/2024,1,0,0,0.87,60
2024,07/14/2024,2,0,0,6.28,100
2024,07/14/2024,1,0,0,0.45,50
2024,07/14/2024,1,0,0,3.6,200
2024,07/14/2024,0,0,0,8,300
2024,07/14/2024,1,0,0,7.4,250
2024,07/14/2024,3,0,0,0.8,150
2024,07/14/2024,0,0,0,9,150
2024,07/14/2024,0,0,0,3,100
2024,07/14/2024,0,0,0,0.4,100
2024,07/15/2024,0,0,0,1.8,300
2024,07/15/2024,0,0,0,2.6,100
2024,07/15/2024,0,0,0,1.4,150
2024,07/15/2024,0,0,0,3.2,150
2024,07/15/2024,1,0,0,3.1,400
2024,07/15/2024,0,0,0,0.4,125
2024,07/15/2024,1,0,0,5.5,250
2024,07/15/2024,0,0,0,0.4,85
2024,07/15/2024,1,0,0,5.7,300
2024,07/15/2024,0,0,0,6.4,100
2024,07/15/2024,1,0,0,3.1,325
2024,07/15/2024,0,0,0,2.8,250
2024,07/15/2024,0,0,0,2.1,75
2024,07/15/2024,1,0,0,1.2,175
2024,07/15/2024,1,0,0,12.3,275
2024,07/15/2024,1,0,0,1.3,250
2024,07/15/2024,1,0,0,2.9,300
2024,07/15/2024,1,0,0,0.8,50
2024,07/15/2024,0,0,0,3.1,150
2024,07/15/2024,0,2,0,24.9,325
2024,07/15/2024,0,2,0,11.5,250
2024,07/15/2024,1,0,0,14.6,300
2024,07/15/2024,0,0,0,2.4,300
2024,07/15/2024,1,0,0,6.6,325
2024,07/15/2024,0,0,0,8.3,200
2024,07/15/2024,0,0,0,8,250
2024,07/15/2024,0,0,0,0.2,30
2024,07/15/2024,1,0,0,10.9,200
2024,07/15/2024,0,0,0,3.58,30
2024,07/15/2024,0,0,0,10.1,250
2024,07/15/2024,0,0,0,0.87,80
2024,07/15/2024,1,0,0,8.4,300
2024,07/15/2024,1,0,0,0.4,50
2024,07/15/2024,1,0,0,0.07,100
2024,07/15/2024,1,0,0,1.16,100
2024,07/15/2024,2,0,0,12.2,100
2024,07/15/2024,1,0,0,1.4,50
2024,07/15/2024,1,0,0,1.37,80
2024,07/15/2024,2,0,0,0.38,100
2024,07/15/2024,1,0,0,2.54,100
2024,07/15/2024,1,0,0,2.4,150
2024,07/15/2024,0,0,0,4.35,80
2024,07/15/2024,0,0,0,1.7,50
2024,07/15/2024,0,0,0,1.25,150
2024,07/15/2024,0,0,0,2.2,150
2024,07/15/2024,0,0,0,5.24,200
2024,07/15/2024,0,0,0,0.2,25
2024,07/15/2024,1,0,0,1.2,100
2024,07/15/2024,1,0,0,1.7,150
2024,07/15/2024,0,0,0,5.3,200
2024,07/15/2024,1,0,0,7.36,100
2024,07/15/2024,1,0,0,2.51,50
2024,07/15/2024,1,0,0,8.36,100
2024,07/15/2024,1,0,0,1.01,10
2024,07/15/2024,0,0,0,8.97,100
2024,07/15/2024,1,0,0,1.86,50
2024,07/15/2024,1,0,0,12.15,100
2024,07/15/2024,0,0,0,6.33,20
2024,07/15/2024,0,0,0,9.08,150
2024,07/15/2024,0,0,0,8.07,50
2024,07/15/2024,0,0,0,17.66,100
2024,07/29/2024,0,0,0,0.05,10
2024,08/15/2024,1,0,0,3.2,50
2024,08/30/2024,1,0,0,0.08,20
2024,10/30/2024,1,0,0,0.35,100
2025,03/14/2025,0,0,0,6.44,425
2025,03/14/2025,1,0,0,13.72,450
2025,03/14/2025,0,0,0,12.67,250
2025,03/14/2025,0,0,0,2.49,100
2025,03/14/2025,0,0,0,0.6,75
2025,03/14/2025,0,0,0,7.67,150
2025,03/14/2025,0,0,0,0.78,50
2025,03/14/2025,0,0,0,9.48,200
2025,03/14/2025,1,2,0,5.21,300
2025,03/14/2025,1,0,0,3.08,120
2025,03/14/2025,1,0,0,4.92,150
2025,03/14/2025,1,0,0,2.33,100
2025,03/14/2025,0,0,0,6.63,175
2025,03/14/2025,0,0,0,5.1,75
2025,03/14/2025,0,0,0,3.64,125
2025,03/14/2025,0,0,0,13.39,400
2025,03/14/2025,0,0,0,3.13,150
2025,03/14/2025,0,0,0,0.91,25
2025,03/14/2025,2,0,0,7.88,700
2025,03/14/2025,0,0,0,5.9,450
2025,03/14/2025,1,0,0,2.37,25
2025,03/14/2025,0,0,0,12.3,275
2025,03/14/2025,1,0,0,2.46,430
2025,03/15/2025,0,0,0,15.63,150
2025,03/19/2025,1,0,0,0.29,50
2025,03/19/2025,0,0,0,1.62,90
2025,03/19/2025,0,0,0,0.33,75
2025,03/19/2025,1,0,0,1.53,60
2025,03/19/2025,1,0,0,0.25,90
2025,03/19/2025,0,0,0,0.72,50
2025,03/19/2025,1,0,0,0.67,30
2025,03/30/2025,1,0,0,6.06,150
2025,03/30/2025,0,0,0,17.81,150
2025,04/02/2025,1,0,0,2.86,200
2025,04/02/2025,0,0,0,5.19,200
2025,04/02/2025,1,0,0,12.7,1200
2025,04/02/2025,1,0,0,16.42,1200
2025,04/02/2025,0,0,0,15.34,1200
2025,04/02/2025,1,0,0,4.03,150
2025,04/02/2025,0,0,0,3.08,100
2025,04/02/2025,1,0,0,5.23,100
2025,04/02/2025,0,0,0,2.55,125
2025,04/02/2025,0,0,0,2.98,150
2025,04/02/2025,0,0,0,2.2,300
2025,04/02/2025,1,1,0,19.85,200
2025,04/02/2025,1,0,0,2.3,400
2025,04/02/2025,2,0,0,2.62,30
2025,04/02/2025,2,0,0,7.92,30
2025,04/02/2025,2,0,0,2.16,30
2025,04/19/2025,0,0,0,0.45,25
2025,04/20/2025,1,0,0,1.03,50
2025,04/20/2025,1,0,0,0.69,50
2025,04/20/2025,1,0,0,7.28,25
2025,04/20/2025,0,0,0,1.14,50
2025,04/20/2025,0,0,0,7.21,100
2025,04/20/2025,2,0,0,0.21,50
2025,04/20/2025,1,0,0,0.28,10
2025,04/20/2025,0,0,0,7.2,150
2025,04/20/2025,0,0,0,14.5,100
2025,04/20/2025,0,0,0,3.12,120
2025,04/20/2025,1,0,0,1.28,120
2025,04/20/2025,1,0,0,9.3,150
2025,04/20/2025,0,0,0,2.2,75
2025,04/20/2025,1,0,0,1.32,75
2025,04/20/2025,0,0,0,0.75,100
2025,04/20/2025,0,0,0,0.35,100
2025,04/20/2025,0,0,0,7.33,100
2025,04/20/2025,1,0,0,3.99,25
2025,04/20/2025,0,0,0,2.96,100
2025,04/20/2025,2,0,0,0.86,25
2025,04/20/2025,1,0,0,7.01,150
2025,04/20/2025,1,0,0,8.17,100
2025,04/20/2025,2,0,0,4.18,25
2025,04/30/2025,0,0,0,0.48,30
2025,04/30/2025,1,0,0,1.73,30
2025,04/30/2025,2,0,0,4.33,150
2025,04/30/2025,0,0,0,5.01,50
2025,05/13/2025,2,0,0,0.87,30
2025,05/13/2025,2,0,0,0.05,10
2025,05/13/2025,1,0,0,0.09,10
2025,05/14/2025,1,0,0,0.15,25
2025,05/16/2025,1,0,0,3.31,100
2025,05/16/2025,1,0,0,6.46,100
2025,05/16/2025,1,0,0,14.31,1035
2025,05/19/2025,0,0,0,0.45,25
2025,05/20/2025,1,0,0,1.7,30
2025,05/20/2025,2,0,0,5,80
2025,05/20/2025,0,0,0,6.67,40
2025,05/20/2025,1,0,0,0.92,30
2025,05/20/2025,1,0,0,0.65,100
2025,05/20/2025,0,0,0,1.11,30
2025,05/20/2025,1,0,0,1.02,20
2025,05/20/2025,1,0,0,1.83,20
